日期,活动名,玩家,桌号,胜负,时长
2026-01-01,狼人杀之夜,玩家018,2,胜,69
2026-01-01,狼人杀之夜,玩家042,2,胜,69
2026-01-01,狼人杀之夜,玩家007,2,胜,69
2026-01-01,狼人杀之夜,玩家004,2,平,69
2026-01-01,狼人杀之夜,玩家030,2,平,69
2026-01-01,狼人杀之夜,玩家036,2,平,69
2026-01-01,狼人杀之夜,玩家029,2,平,69
2026-01-01,狼人杀之夜,玩家016,2,负,69
2026-01-01,狼人杀之夜,玩家005,2,负,93
2026-01-01,狼人杀之夜,玩家007,2,胜,93
2026-01-01,狼人杀之夜,玩家036,2,平,93
2026-01-01,狼人杀之夜,玩家016,2,平,93
2026-01-01,狼人杀之夜,玩家004,2,胜,93
2026-01-01,狼人杀之夜,玩家018,2,胜,93
2026-01-02,新手教学日,玩家013,5,负,119
2026-01-02,新手教学日,玩家011,5,负,119
2026-01-02,新手教学日,玩家019,5,胜,119
2026-01-02,新手教学日,玩家048,5,平,119
2026-01-02,新手教学日,玩家010,4,负,120
2026-01-02,新手教学日,玩家001,4,平,120
2026-01-02,新手教学日,玩家048,4,平,120
2026-01-02,新手教学日,玩家036,4,胜,120
2026-01-02,新手教学日,玩家050,4,胜,117
2026-01-02,新手教学日,玩家013,4,胜,117
2026-01-02,新手教学日,玩家014,4,胜,117
2026-01-02,新手教学日,玩家001,4,负,117
2026-01-02,新手教学日,玩家010,4,胜,117
2026-01-02,新手教学日,玩家028,4,胜,117
2026-01-02,节日特别场,玩家026,3,负,113
2026-01-02,节日特别场,玩家044,3,胜,113
2026-01-02,节日特别场,玩家008,3,胜,113
2026-01-02,节日特别场,玩家049,3,平,113
2026-01-02,节日特别场,玩家008,2,胜,25
2026-01-02,节日特别场,玩家044,2,平,25
2026-01-02,节日特别场,玩家016,2,负,25
2026-01-02,节日特别场,玩家026,2,平,25
2026-01-02,节日特别场,玩家049,2,负,25
2026-01-02,节日特别场,玩家037,2,负,25
2026-01-02,节日特别场,玩家044,1,平,95
2026-01-02,节日特别场,玩家037,1,胜,95
2026-01-02,节日特别场,玩家016,1,负,95
2026-01-02,节日特别场,玩家026,1,平,95
2026-01-02,节日特别场,玩家008,1,胜,95
2026-01-02,节日特别场,玩家049,1,胜,95
2026-01-02,节日特别场,玩家026,3,胜,49
2026-01-02,节日特别场,玩家008,3,胜,49
2026-01-02,节日特别场,玩家049,3,胜,49
2026-01-02,节日特别场,玩家016,3,平,49
2026-01-02,节日特别场,玩家037,3,胜,49
2026-01-02,节日特别场,玩家044,3,胜,49
2026-01-02,节日特别场,玩家008,1,负,88
2026-01-02,节日特别场,玩家049,1,胜,88
2026-01-02,节日特别场,玩家026,1,负,88
2026-01-02,节日特别场,玩家016,1,负,88
2026-01-02,节日特别场,玩家044,1,负,88
2026-01-02,节日特别场,玩家044,3,平,109
2026-01-02,节日特别场,玩家016,3,胜,109
2026-01-02,节日特别场,玩家026,3,胜,109
2026-01-02,节日特别场,玩家008,3,负,109
2026-01-03,三国杀争霸,玩家030,1,胜,53
2026-01-03,三国杀争霸,玩家045,1,胜,53
2026-01-03,三国杀争霸,玩家007,1,负,53
2026-01-03,三国杀争霸,玩家017,1,负,53
2026-01-03,三国杀争霸,玩家009,1,平,53
2026-01-03,三国杀争霸,玩家043,5,胜,21
2026-01-03,三国杀争霸,玩家001,5,胜,21
2026-01-03,三国杀争霸,玩家047,5,胜,21
2026-01-03,三国杀争霸,玩家046,5,胜,21
2026-01-03,三国杀争霸,玩家037,5,负,21
2026-01-03,三国杀争霸,玩家048,3,胜,22
2026-01-03,三国杀争霸,玩家047,3,胜,22
2026-01-03,三国杀争霸,玩家026,3,平,22
2026-01-03,三国杀争霸,玩家014,3,负,22
2026-01-04,节日特别场,玩家048,1,负,112
2026-01-04,节日特别场,玩家014,1,负,112
2026-01-04,节日特别场,玩家018,1,胜,112
2026-01-04,节日特别场,玩家039,1,负,112
2026-01-04,节日特别场,玩家019,1,平,112
2026-01-04,节日特别场,玩家036,1,负,112
2026-01-04,节日特别场,玩家036,2,平,24
2026-01-04,节日特别场,玩家014,2,平,24
2026-01-04,节日特别场,玩家010,2,平,24
2026-01-04,节日特别场,玩家019,2,胜,24
2026-01-04,节日特别场,玩家039,2,平,24
2026-01-04,节日特别场,玩家048,2,负,24
2026-01-04,节日特别场,玩家019,4,胜,73
2026-01-04,节日特别场,玩家018,4,平,73
2026-01-04,节日特别场,玩家048,4,平,73
2026-01-04,节日特别场,玩家014,4,胜,73
2026-01-04,节日特别场,玩家036,4,平,73
2026-01-04,节日特别场,玩家010,4,平,73
2026-01-04,节日特别场,玩家039,4,胜,73
2026-01-05,狼人杀之夜,玩家001,3,胜,54
2026-01-05,狼人杀之夜,玩家003,3,胜,54
2026-01-05,狼人杀之夜,玩家018,3,负,54
2026-01-05,狼人杀之夜,玩家022,3,平,54
2026-01-05,狼人杀之夜,玩家028,3,胜,54
2026-01-05,狼人杀之夜,玩家041,3,胜,54
2026-01-05,狼人杀之夜,玩家003,3,胜,49
2026-01-05,狼人杀之夜,玩家001,3,胜,49
2026-01-05,狼人杀之夜,玩家018,3,胜,49
2026-01-05,狼人杀之夜,玩家022,3,平,49
2026-01-05,狼人杀之夜,玩家001,2,胜,42
2026-01-05,狼人杀之夜,玩家041,2,胜,42
2026-01-05,狼人杀之夜,玩家028,2,平,42
2026-01-05,狼人杀之夜,玩家018,2,负,42
2026-01-05,狼人杀之夜,玩家003,2,平,42
2026-01-05,狼人杀之夜,玩家022,2,平,42
2026-01-05,狼人杀之夜,玩家041,3,负,89
2026-01-05,狼人杀之夜,玩家018,3,胜,89
2026-01-05,狼人杀之夜,玩家028,3,负,89
2026-01-05,狼人杀之夜,玩家001,3,胜,89
2026-01-05,狼人杀之夜,玩家022,3,胜,89
2026-01-05,狼人杀之夜,玩家003,3,胜,89
2026-01-05,狼人杀之夜,玩家028,2,负,36
2026-01-05,狼人杀之夜,玩家041,2,平,36
2026-01-05,狼人杀之夜,玩家003,2,胜,36
2026-01-05,狼人杀之夜,玩家001,2,负,36
2026-01-05,狼人杀之夜,玩家022,2,胜,36
2026-01-05,狼人杀之夜,玩家018,2,胜,36
2026-01-05,节日特别场,玩家008,5,平,67
2026-01-05,节日特别场,玩家045,5,平,67
2026-01-05,节日特别场,玩家005,5,负,67
2026-01-05,节日特别场,玩家010,5,平,67
2026-01-05,节日特别场,玩家045,1,负,113
2026-01-05,节日特别场,玩家005,1,平,113
2026-01-05,节日特别场,玩家008,1,负,113
2026-01-05,节日特别场,玩家010,1,平,113
2026-01-05,节日特别场,玩家045,3,平,59
2026-01-05,节日特别场,玩家008,3,平,59
2026-01-05,节日特别场,玩家010,3,负,59
2026-01-05,节日特别场,玩家005,3,胜,59
2026-01-06,新手教学日,玩家023,1,平,101
2026-01-06,新手教学日,玩家014,1,胜,101
2026-01-06,新手教学日,玩家024,1,负,101
2026-01-06,新手教学日,玩家028,1,胜,101
2026-01-06,新手教学日,玩家009,1,负,101
2026-01-06,新手教学日,玩家003,1,平,101
2026-01-06,新手教学日,玩家020,1,胜,101
2026-01-06,新手教学日,玩家048,1,胜,101
2026-01-06,新手教学日,玩家003,3,胜,53
2026-01-06,新手教学日,玩家048,3,胜,53
2026-01-06,新手教学日,玩家028,3,平,53
2026-01-06,新手教学日,玩家014,3,胜,53
2026-01-06,新手教学日,玩家020,3,负,53
2026-01-06,新手教学日,玩家023,3,负,53
2026-01-06,新手教学日,玩家028,1,负,41
2026-01-06,新手教学日,玩家020,1,负,41
2026-01-06,新手教学日,玩家023,1,负,41
2026-01-06,新手教学日,玩家048,1,负,41
2026-01-07,深夜桌游局,玩家016,4,胜,29
2026-01-07,深夜桌游局,玩家050,4,负,29
2026-01-07,深夜桌游局,玩家027,4,胜,29
2026-01-07,深夜桌游局,玩家018,4,负,29
2026-01-07,深夜桌游局,玩家027,3,平,40
2026-01-07,深夜桌游局,玩家049,3,胜,40
2026-01-07,深夜桌游局,玩家018,3,平,40
2026-01-07,深夜桌游局,玩家050,3,胜,40
2026-01-07,深夜桌游局,玩家016,3,负,32
2026-01-07,深夜桌游局,玩家012,3,胜,32
2026-01-07,深夜桌游局,玩家050,3,胜,32
2026-01-07,深夜桌游局,玩家049,3,负,32
2026-01-07,深夜桌游局,玩家027,3,平,32
2026-01-07,深夜桌游局,玩家043,3,平,32
2026-01-07,深夜桌游局,玩家018,3,平,32
2026-01-07,深夜桌游局,玩家002,3,平,32
2026-01-07,深夜桌游局,玩家022,5,平,93
2026-01-07,深夜桌游局,玩家018,5,负,93
2026-01-07,深夜桌游局,玩家027,5,胜,93
2026-01-07,深夜桌游局,玩家012,5,胜,93
2026-01-07,深夜桌游局,玩家049,5,负,93
2026-01-07,深夜桌游局,玩家050,5,胜,93
2026-01-07,深夜桌游局,玩家022,4,胜,23
2026-01-07,深夜桌游局,玩家016,4,胜,23
2026-01-07,深夜桌游局,玩家027,4,平,23
2026-01-07,深夜桌游局,玩家012,4,负,23
2026-01-07,深夜桌游局,玩家027,1,胜,53
2026-01-07,深夜桌游局,玩家022,1,平,53
2026-01-07,深夜桌游局,玩家043,1,平,53
2026-01-07,深夜桌游局,玩家050,1,负,53
2026-01-07,深夜桌游局,玩家049,1,胜,53
2026-01-07,深夜桌游局,玩家016,1,负,53
2026-01-07,深夜桌游局,玩家002,1,负,53
2026-01-08,深夜桌游局,玩家015,2,平,54
2026-01-08,深夜桌游局,玩家013,2,胜,54
2026-01-08,深夜桌游局,玩家018,2,胜,54
2026-01-08,深夜桌游局,玩家023,2,平,54
2026-01-08,深夜桌游局,玩家033,2,平,54
2026-01-08,深夜桌游局,玩家043,2,胜,54
2026-01-08,深夜桌游局,玩家022,2,胜,54
2026-01-08,深夜桌游局,玩家022,3,平,73
2026-01-08,深夜桌游局,玩家047,3,平,73
2026-01-08,深夜桌游局,玩家043,3,负,73
2026-01-08,深夜桌游局,玩家005,3,平,73
2026-01-08,深夜桌游局,玩家015,3,胜,73
2026-01-08,深夜桌游局,玩家045,3,负,73
2026-01-08,深夜桌游局,玩家018,3,负,73
2026-01-08,深夜桌游局,玩家013,3,胜,73
2026-01-08,深夜桌游局,玩家005,4,平,106
2026-01-08,深夜桌游局,玩家047,4,胜,106
2026-01-08,深夜桌游局,玩家045,4,胜,106
2026-01-08,深夜桌游局,玩家033,4,负,106
2026-01-08,深夜桌游局,玩家043,2,平,30
2026-01-08,深夜桌游局,玩家045,2,负,30
2026-01-08,深夜桌游局,玩家002,2,胜,30
2026-01-08,深夜桌游局,玩家015,2,平,30
2026-01-08,深夜桌游局,玩家022,2,胜,30
2026-01-09,深夜桌游局,玩家034,3,平,70
2026-01-09,深夜桌游局,玩家035,3,负,70
2026-01-09,深夜桌游局,玩家039,3,负,70
2026-01-09,深夜桌游局,玩家044,3,平,70
2026-01-09,深夜桌游局,玩家013,3,负,70
2026-01-09,深夜桌游局,玩家003,3,胜,70
2026-01-09,深夜桌游局,玩家003,5,平,95
2026-01-09,深夜桌游局,玩家035,5,胜,95
2026-01-09,深夜桌游局,玩家013,5,胜,95
2026-01-09,深夜桌游局,玩家039,5,平,95
2026-01-09,深夜桌游局,玩家034,5,胜,95
2026-01-09,深夜桌游局,玩家033,5,负,95
2026-01-09,深夜桌游局,玩家044,5,平,95
2026-01-09,深夜桌游局,玩家025,5,负,95
2026-01-09,深夜桌游局,玩家013,4,胜,24
2026-01-09,深夜桌游局,玩家001,4,负,24
2026-01-09,深夜桌游局,玩家017,4,负,24
2026-01-09,深夜桌游局,玩家050,4,胜,24
2026-01-09,深夜桌游局,玩家035,4,平,24
2026-01-09,深夜桌游局,玩家034,4,平,24
2026-01-09,深夜桌游局,玩家013,4,平,26
2026-01-09,深夜桌游局,玩家037,4,负,26
2026-01-09,深夜桌游局,玩家034,4,负,26
2026-01-09,深夜桌游局,玩家008,4,负,26
2026-01-09,深夜桌游局,玩家044,1,平,109
2026-01-09,深夜桌游局,玩家035,1,胜,109
2026-01-09,深夜桌游局,玩家025,1,胜,109
2026-01-09,深夜桌游局,玩家034,1,胜,109
2026-01-09,深夜桌游局,玩家001,1,负,109
2026-01-09,深夜桌游局,玩家017,1,平,109
2026-01-09,深夜桌游局,玩家025,4,胜,76
2026-01-09,深夜桌游局,玩家034,4,负,76
2026-01-09,深夜桌游局,玩家013,4,平,76
2026-01-09,深夜桌游局,玩家050,4,负,76
2026-01-09,深夜桌游局,玩家039,4,平,76
2026-01-09,深夜桌游局,玩家008,4,负,76
2026-01-10,新手教学日,玩家027,5,平,37
2026-01-10,新手教学日,玩家043,5,平,37
2026-01-10,新手教学日,玩家012,5,胜,37
2026-01-10,新手教学日,玩家044,5,胜,37
2026-01-10,新手教学日,玩家025,5,胜,37
2026-01-10,新手教学日,玩家025,2,平,66
2026-01-10,新手教学日,玩家013,2,胜,66
2026-01-10,新手教学日,玩家037,2,负,66
2026-01-10,新手教学日,玩家040,2,负,66
2026-01-10,家庭桌游日,玩家045,5,负,96
2026-01-10,家庭桌游日,玩家029,5,胜,96
2026-01-10,家庭桌游日,玩家016,5,负,96
2026-01-10,家庭桌游日,玩家030,5,平,96
2026-01-10,家庭桌游日,玩家044,5,平,96
2026-01-10,家庭桌游日,玩家033,5,负,96
2026-01-10,家庭桌游日,玩家011,5,负,96
2026-01-10,家庭桌游日,玩家022,2,胜,26
2026-01-10,家庭桌游日,玩家016,2,平,26
2026-01-10,家庭桌游日,玩家029,2,胜,26
2026-01-10,家庭桌游日,玩家014,2,胜,26
2026-01-10,家庭桌游日,玩家030,2,平,26
2026-01-10,家庭桌游日,玩家031,2,胜,26
2026-01-10,家庭桌游日,玩家045,2,平,36
2026-01-10,家庭桌游日,玩家031,2,胜,36
2026-01-10,家庭桌游日,玩家006,2,平,36
2026-01-10,家庭桌游日,玩家030,2,胜,36
2026-01-10,家庭桌游日,玩家016,2,胜,36
2026-01-10,家庭桌游日,玩家011,2,负,36
2026-01-10,家庭桌游日,玩家022,5,负,64
2026-01-10,家庭桌游日,玩家016,5,负,64
2026-01-10,家庭桌游日,玩家045,5,胜,64
2026-01-10,家庭桌游日,玩家014,5,负,64
2026-01-10,家庭桌游日,玩家031,5,负,64
2026-01-10,家庭桌游日,玩家019,5,平,64
2026-01-10,家庭桌游日,玩家031,5,胜,107
2026-01-10,家庭桌游日,玩家019,5,负,107
2026-01-10,家庭桌游日,玩家029,5,胜,107
2026-01-10,家庭桌游日,玩家030,5,负,107
2026-01-10,家庭桌游日,玩家006,5,负,107
2026-01-10,家庭桌游日,玩家033,5,平,107
2026-01-10,家庭桌游日,玩家014,5,负,107
2026-01-10,家庭桌游日,玩家049,5,负,107
2026-01-11,狼人杀之夜,玩家042,3,负,96
2026-01-11,狼人杀之夜,玩家028,3,平,96
2026-01-11,狼人杀之夜,玩家030,3,负,96
2026-01-11,狼人杀之夜,玩家010,3,平,96
2026-01-11,狼人杀之夜,玩家032,3,胜,96
2026-01-11,狼人杀之夜,玩家015,1,平,110
2026-01-11,狼人杀之夜,玩家042,1,胜,110
2026-01-11,狼人杀之夜,玩家001,1,负,110
2026-01-11,狼人杀之夜,玩家004,1,平,110
2026-01-11,狼人杀之夜,玩家030,1,平,110
2026-01-11,狼人杀之夜,玩家032,1,胜,110
2026-01-11,狼人杀之夜,玩家048,1,平,110
2026-01-11,狼人杀之夜,玩家034,5,胜,57
2026-01-11,狼人杀之夜,玩家028,5,负,57
2026-01-11,狼人杀之夜,玩家042,5,胜,57
2026-01-11,狼人杀之夜,玩家016,5,平,57
2026-01-11,狼人杀之夜,玩家012,5,负,57
2026-01-11,狼人杀之夜,玩家036,5,平,57
2026-01-11,狼人杀之夜,玩家030,5,平,57
2026-01-11,狼人杀之夜,玩家016,2,负,73
2026-01-11,狼人杀之夜,玩家010,2,负,73
2026-01-11,狼人杀之夜,玩家045,2,负,73
2026-01-11,狼人杀之夜,玩家036,2,平,73
2026-01-11,狼人杀之夜,玩家034,2,负,73
2026-01-11,狼人杀之夜,玩家042,2,负,73
2026-01-11,桌游嘉年华,玩家016,4,平,35
2026-01-11,桌游嘉年华,玩家022,4,负,35
2026-01-11,桌游嘉年华,玩家032,4,平,35
2026-01-11,桌游嘉年华,玩家048,4,负,35
2026-01-11,桌游嘉年华,玩家018,4,平,72
2026-01-11,桌游嘉年华,玩家006,4,负,72
2026-01-11,桌游嘉年华,玩家032,4,胜,72
2026-01-11,桌游嘉年华,玩家034,4,负,72
2026-01-12,策略桌游会,玩家025,1,胜,101
2026-01-12,策略桌游会,玩家031,1,胜,101
2026-01-12,策略桌游会,玩家049,1,负,101
2026-01-12,策略桌游会,玩家037,1,负,101
2026-01-12,策略桌游会,玩家037,2,负,98
2026-01-12,策略桌游会,玩家031,2,平,98
2026-01-12,策略桌游会,玩家049,2,负,98
2026-01-12,策略桌游会,玩家025,2,负,98
2026-01-12,策略桌游会,玩家031,4,负,113
2026-01-12,策略桌游会,玩家049,4,胜,113
2026-01-12,策略桌游会,玩家025,4,负,113
2026-01-12,策略桌游会,玩家037,4,平,113
2026-01-12,周末欢乐局,玩家045,1,胜,59
2026-01-12,周末欢乐局,玩家030,1,胜,59
2026-01-12,周末欢乐局,玩家002,1,负,59
2026-01-12,周末欢乐局,玩家015,1,平,59
2026-01-12,周末欢乐局,玩家015,5,平,78
2026-01-12,周末欢乐局,玩家049,5,平,78
2026-01-12,周末欢乐局,玩家022,5,平,78
2026-01-12,周末欢乐局,玩家035,5,平,78
2026-01-12,周末欢乐局,玩家039,5,负,78
2026-01-12,周末欢乐局,玩家025,5,负,78
2026-01-12,周末欢乐局,玩家011,2,胜,22
2026-01-12,周末欢乐局,玩家002,2,胜,22
2026-01-12,周末欢乐局,玩家025,2,平,22
2026-01-12,周末欢乐局,玩家050,2,胜,22
2026-01-12,周末欢乐局,玩家049,2,胜,22
2026-01-12,周末欢乐局,玩家032,2,平,22
2026-01-13,新手教学日,玩家022,5,平,52
2026-01-13,新手教学日,玩家021,5,平,52
2026-01-13,新手教学日,玩家027,5,胜,52
2026-01-13,新手教学日,玩家006,5,平,52
2026-01-13,新手教学日,玩家017,5,胜,52
2026-01-13,新手教学日,玩家030,5,平,52
2026-01-13,新手教学日,玩家025,5,胜,52
2026-01-13,新手教学日,玩家002,5,平,52
2026-01-13,新手教学日,玩家021,1,平,35
2026-01-13,新手教学日,玩家017,1,负,35
2026-01-13,新手教学日,玩家006,1,负,35
2026-01-13,新手教学日,玩家025,1,平,35
2026-01-14,三国杀争霸,玩家008,2,平,104
2026-01-14,三国杀争霸,玩家043,2,负,104
2026-01-14,三国杀争霸,玩家037,2,平,104
2026-01-14,三国杀争霸,玩家016,2,平,104
2026-01-14,三国杀争霸,玩家009,2,胜,120
2026-01-14,三国杀争霸,玩家008,2,负,120
2026-01-14,三国杀争霸,玩家037,2,胜,120
2026-01-14,三国杀争霸,玩家014,2,平,120
2026-01-14,三国杀争霸,玩家016,2,胜,120
2026-01-14,三国杀争霸,玩家030,2,负,120
2026-01-14,三国杀争霸,玩家043,2,平,120
2026-01-14,三国杀争霸,玩家014,2,负,108
2026-01-14,三国杀争霸,玩家031,2,负,108
2026-01-14,三国杀争霸,玩家009,2,胜,108
2026-01-14,三国杀争霸,玩家016,2,胜,108
2026-01-14,三国杀争霸,玩家043,2,胜,108
2026-01-14,三国杀争霸,玩家008,2,平,108
2026-01-14,节日特别场,玩家025,1,平,52
2026-01-14,节日特别场,玩家037,1,胜,52
2026-01-14,节日特别场,玩家002,1,负,52
2026-01-14,节日特别场,玩家038,1,负,52
2026-01-14,节日特别场,玩家020,1,负,52
2026-01-14,节日特别场,玩家026,1,负,52
2026-01-14,节日特别场,玩家044,1,胜,52
2026-01-14,节日特别场,玩家026,1,负,60
2026-01-14,节日特别场,玩家038,1,平,60
2026-01-14,节日特别场,玩家020,1,胜,60
2026-01-14,节日特别场,玩家044,1,胜,60
2026-01-14,节日特别场,玩家037,1,胜,60
2026-01-15,三国杀争霸,玩家023,2,负,31
2026-01-15,三国杀争霸,玩家024,2,负,31
2026-01-15,三国杀争霸,玩家035,2,胜,31
2026-01-15,三国杀争霸,玩家043,2,胜,31
2026-01-15,三国杀争霸,玩家028,2,负,31
2026-01-15,三国杀争霸,玩家023,4,平,36
2026-01-15,三国杀争霸,玩家035,4,平,36
2026-01-15,三国杀争霸,玩家043,4,胜,36
2026-01-15,三国杀争霸,玩家028,4,胜,36
2026-01-15,三国杀争霸,玩家024,4,胜,36
2026-01-15,三国杀争霸,玩家037,4,负,36
2026-01-15,三国杀争霸,玩家003,4,平,36
2026-01-15,策略桌游会,玩家028,5,胜,113
2026-01-15,策略桌游会,玩家031,5,负,113
2026-01-15,策略桌游会,玩家049,5,负,113
2026-01-15,策略桌游会,玩家021,5,胜,113
2026-01-15,策略桌游会,玩家018,5,负,113
2026-01-15,策略桌游会,玩家024,5,负,113
2026-01-15,策略桌游会,玩家040,5,胜,113
2026-01-15,策略桌游会,玩家040,1,平,118
2026-01-15,策略桌游会,玩家024,1,平,118
2026-01-15,策略桌游会,玩家035,1,平,118
2026-01-15,策略桌游会,玩家048,1,平,118
2026-01-15,策略桌游会,玩家021,1,胜,118
2026-01-15,策略桌游会,玩家042,1,平,118
2026-01-15,策略桌游会,玩家021,3,平,104
2026-01-15,策略桌游会,玩家046,3,平,104
2026-01-15,策略桌游会,玩家012,3,负,104
2026-01-15,策略桌游会,玩家040,3,胜,104
2026-01-15,策略桌游会,玩家035,3,平,104
2026-01-15,策略桌游会,玩家049,3,平,104
2026-01-15,策略桌游会,玩家034,3,胜,104
2026-01-15,策略桌游会,玩家028,3,胜,104
2026-01-15,策略桌游会,玩家049,2,负,62
2026-01-15,策略桌游会,玩家021,2,胜,62
2026-01-15,策略桌游会,玩家048,2,平,62
2026-01-15,策略桌游会,玩家030,2,胜,62
2026-01-15,策略桌游会,玩家041,2,平,62
2026-01-15,策略桌游会,玩家034,2,平,62
2026-01-15,策略桌游会,玩家028,2,负,62
2026-01-15,策略桌游会,玩家046,2,负,62
2026-01-15,策略桌游会,玩家045,2,胜,77
2026-01-15,策略桌游会,玩家021,2,负,77
2026-01-15,策略桌游会,玩家031,2,负,77
2026-01-15,策略桌游会,玩家018,2,负,77
2026-01-16,节日特别场,玩家018,4,平,91
2026-01-16,节日特别场,玩家001,4,胜,91
2026-01-16,节日特别场,玩家016,4,胜,91
2026-01-16,节日特别场,玩家022,4,平,91
2026-01-16,节日特别场,玩家013,5,胜,26
2026-01-16,节日特别场,玩家027,5,负,26
2026-01-16,节日特别场,玩家045,5,负,26
2026-01-16,节日特别场,玩家034,5,平,26
2026-01-16,节日特别场,玩家036,5,平,26
2026-01-16,节日特别场,玩家039,5,平,26
2026-01-16,周末欢乐局,玩家038,3,负,101
2026-01-16,周末欢乐局,玩家018,3,平,101
2026-01-16,周末欢乐局,玩家044,3,平,101
2026-01-16,周末欢乐局,玩家031,3,负,101
2026-01-16,周末欢乐局,玩家043,3,平,101
2026-01-16,周末欢乐局,玩家034,3,胜,101
2026-01-16,周末欢乐局,玩家024,3,胜,101
2026-01-16,周末欢乐局,玩家024,2,负,35
2026-01-16,周末欢乐局,玩家030,2,胜,35
2026-01-16,周末欢乐局,玩家023,2,负,35
2026-01-16,周末欢乐局,玩家038,2,胜,35
2026-01-16,周末欢乐局,玩家036,2,平,35
2026-01-16,周末欢乐局,玩家031,2,负,35
2026-01-16,周末欢乐局,玩家022,2,胜,35
2026-01-16,周末欢乐局,玩家044,4,负,118
2026-01-16,周末欢乐局,玩家018,4,负,118
2026-01-16,周末欢乐局,玩家022,4,平,118
2026-01-16,周末欢乐局,玩家038,4,平,118
2026-01-16,周末欢乐局,玩家028,5,平,75
2026-01-16,周末欢乐局,玩家043,5,负,75
2026-01-16,周末欢乐局,玩家046,5,平,75
2026-01-16,周末欢乐局,玩家030,5,胜,75
2026-01-16,周末欢乐局,玩家044,5,平,75
2026-01-16,周末欢乐局,玩家030,5,负,84
2026-01-16,周末欢乐局,玩家024,5,负,84
2026-01-16,周末欢乐局,玩家038,5,平,84
2026-01-16,周末欢乐局,玩家023,5,平,84
2026-01-16,周末欢乐局,玩家034,5,胜,84
2026-01-17,家庭桌游日,玩家001,4,平,109
2026-01-17,家庭桌游日,玩家004,4,平,109
2026-01-17,家庭桌游日,玩家049,4,负,109
2026-01-17,家庭桌游日,玩家032,4,平,109
2026-01-17,家庭桌游日,玩家003,4,平,109
2026-01-17,家庭桌游日,玩家028,4,负,109
2026-01-17,家庭桌游日,玩家024,5,平,110
2026-01-17,家庭桌游日,玩家028,5,胜,110
2026-01-17,家庭桌游日,玩家001,5,平,110
2026-01-17,家庭桌游日,玩家009,5,平,110
2026-01-17,家庭桌游日,玩家049,5,平,110
2026-01-17,家庭桌游日,玩家009,3,平,106
2026-01-17,家庭桌游日,玩家032,3,平,106
2026-01-17,家庭桌游日,玩家046,3,负,106
2026-01-17,家庭桌游日,玩家003,3,负,106
2026-01-17,家庭桌游日,玩家013,1,胜,54
2026-01-17,家庭桌游日,玩家039,1,负,54
2026-01-17,家庭桌游日,玩家018,1,平,54
2026-01-17,家庭桌游日,玩家049,1,负,54
2026-01-17,家庭桌游日,玩家019,1,胜,54
2026-01-17,家庭桌游日,玩家035,1,胜,54
2026-01-17,家庭桌游日,玩家048,1,平,54
2026-01-17,家庭桌游日,玩家028,1,负,54
2026-01-18,卡牌对战赛,玩家039,5,平,106
2026-01-18,卡牌对战赛,玩家040,5,平,106
2026-01-18,卡牌对战赛,玩家016,5,胜,106
2026-01-18,卡牌对战赛,玩家034,5,平,106
2026-01-18,卡牌对战赛,玩家036,5,平,120
2026-01-18,卡牌对战赛,玩家015,5,负,120
2026-01-18,卡牌对战赛,玩家027,5,平,120
2026-01-18,卡牌对战赛,玩家006,5,胜,120
2026-01-18,卡牌对战赛,玩家045,5,胜,120
2026-01-18,卡牌对战赛,玩家029,5,平,120
2026-01-18,卡牌对战赛,玩家044,5,负,120
2026-01-18,卡牌对战赛,玩家044,2,负,44
2026-01-18,卡牌对战赛,玩家040,2,负,44
2026-01-18,卡牌对战赛,玩家036,2,胜,44
2026-01-18,卡牌对战赛,玩家039,2,平,44
2026-01-18,卡牌对战赛,玩家015,2,胜,44
2026-01-18,卡牌对战赛,玩家025,2,胜,44
2026-01-18,卡牌对战赛,玩家045,2,胜,44
2026-01-18,卡牌对战赛,玩家034,2,平,44
2026-01-19,深夜桌游局,玩家016,1,负,94
2026-01-19,深夜桌游局,玩家027,1,胜,94
2026-01-19,深夜桌游局,玩家036,1,负,94
2026-01-19,深夜桌游局,玩家011,1,负,94
2026-01-19,深夜桌游局,玩家029,1,平,94
2026-01-19,深夜桌游局,玩家012,1,胜,94
2026-01-19,深夜桌游局,玩家039,1,胜,94
2026-01-19,深夜桌游局,玩家016,2,平,29
2026-01-19,深夜桌游局,玩家011,2,负,29
2026-01-19,深夜桌游局,玩家005,2,平,29
2026-01-19,深夜桌游局,玩家029,2,胜,29
2026-01-19,深夜桌游局,玩家001,2,胜,29
2026-01-19,深夜桌游局,玩家036,2,平,29
2026-01-19,深夜桌游局,玩家036,1,平,47
2026-01-19,深夜桌游局,玩家027,1,负,47
2026-01-19,深夜桌游局,玩家011,1,负,47
2026-01-19,深夜桌游局,玩家029,1,负,47
2026-01-19,深夜桌游局,玩家005,1,负,47
2026-01-19,深夜桌游局,玩家016,1,胜,47
2026-01-19,深夜桌游局,玩家012,1,平,47
2026-01-19,深夜桌游局,玩家001,1,平,47
2026-01-19,深夜桌游局,玩家016,4,平,25
2026-01-19,深夜桌游局,玩家012,4,负,25
2026-01-19,深夜桌游局,玩家001,4,负,25
2026-01-19,深夜桌游局,玩家036,4,胜,25
2026-01-19,深夜桌游局,玩家005,4,负,25
2026-01-19,深夜桌游局,玩家029,4,负,25
2026-01-19,深夜桌游局,玩家027,4,平,25
2026-01-19,深夜桌游局,玩家039,4,平,25
2026-01-19,深夜桌游局,玩家039,3,负,77
2026-01-19,深夜桌游局,玩家001,3,胜,77
2026-01-19,深夜桌游局,玩家011,3,负,77
2026-01-19,深夜桌游局,玩家027,3,平,77
2026-01-19,深夜桌游局,玩家039,2,胜,100
2026-01-19,深夜桌游局,玩家012,2,胜,100
2026-01-19,深夜桌游局,玩家016,2,平,100
2026-01-19,深夜桌游局,玩家029,2,平,100
2026-01-19,深夜桌游局,玩家011,2,胜,100
2026-01-19,深夜桌游局,玩家027,2,平,100
2026-01-20,节日特别场,玩家042,1,平,78
2026-01-20,节日特别场,玩家035,1,负,78
2026-01-20,节日特别场,玩家038,1,胜,78
2026-01-20,节日特别场,玩家043,1,胜,78
2026-01-20,节日特别场,玩家041,1,胜,78
2026-01-20,节日特别场,玩家028,1,负,72
2026-01-20,节日特别场,玩家042,1,负,72
2026-01-20,节日特别场,玩家038,1,平,72
2026-01-20,节日特别场,玩家013,1,负,72
2026-01-20,节日特别场,玩家050,1,负,72
2026-01-20,节日特别场,玩家035,3,平,20
2026-01-20,节日特别场,玩家018,3,平,20
2026-01-20,节日特别场,玩家038,3,平,20
2026-01-20,节日特别场,玩家042,3,胜,20
2026-01-20,节日特别场,玩家050,5,负,33
2026-01-20,节日特别场,玩家038,5,平,33
2026-01-20,节日特别场,玩家008,5,负,33
2026-01-20,节日特别场,玩家042,5,平,33
2026-01-20,节日特别场,玩家015,1,胜,88
2026-01-20,节日特别场,玩家035,1,胜,88
2026-01-20,节日特别场,玩家018,1,平,88
2026-01-20,节日特别场,玩家041,1,负,88
2026-01-20,节日特别场,玩家050,1,平,88
2026-01-20,节日特别场,玩家038,1,负,88
2026-01-20,策略桌游会,玩家033,3,平,20
2026-01-20,策略桌游会,玩家021,3,平,20
2026-01-20,策略桌游会,玩家017,3,负,20
2026-01-20,策略桌游会,玩家032,3,平,20
2026-01-20,策略桌游会,玩家035,3,平,20
2026-01-20,策略桌游会,玩家002,3,胜,20
2026-01-20,策略桌游会,玩家002,3,胜,40
2026-01-20,策略桌游会,玩家039,3,胜,40
2026-01-20,策略桌游会,玩家029,3,平,40
2026-01-20,策略桌游会,玩家003,3,负,40
2026-01-20,策略桌游会,玩家032,3,胜,40
2026-01-20,策略桌游会,玩家017,1,平,102
2026-01-20,策略桌游会,玩家045,1,胜,102
2026-01-20,策略桌游会,玩家033,1,负,102
2026-01-20,策略桌游会,玩家021,1,平,102
2026-01-20,策略桌游会,玩家028,1,胜,102
2026-01-21,三国杀争霸,玩家007,1,平,36
2026-01-21,三国杀争霸,玩家022,1,平,36
2026-01-21,三国杀争霸,玩家023,1,胜,36
2026-01-21,三国杀争霸,玩家006,1,胜,36
2026-01-21,三国杀争霸,玩家027,1,负,36
2026-01-21,三国杀争霸,玩家041,5,平,62
2026-01-21,三国杀争霸,玩家006,5,平,62
2026-01-21,三国杀争霸,玩家023,5,负,62
2026-01-21,三国杀争霸,玩家022,5,平,62
2026-01-21,三国杀争霸,玩家022,5,胜,41
2026-01-21,三国杀争霸,玩家007,5,负,41
2026-01-21,三国杀争霸,玩家006,5,胜,41
2026-01-21,三国杀争霸,玩家021,5,胜,41
2026-01-21,三国杀争霸,玩家031,5,平,41
2026-01-21,三国杀争霸,玩家006,4,负,65
2026-01-21,三国杀争霸,玩家028,4,负,65
2026-01-21,三国杀争霸,玩家007,4,平,65
2026-01-21,三国杀争霸,玩家023,4,胜,65
2026-01-21,三国杀争霸,玩家027,4,胜,65
2026-01-21,三国杀争霸,玩家041,4,平,65
2026-01-22,新手教学日,玩家029,1,胜,113
2026-01-22,新手教学日,玩家033,1,胜,113
2026-01-22,新手教学日,玩家004,1,平,113
2026-01-22,新手教学日,玩家001,1,平,113
2026-01-22,新手教学日,玩家043,1,胜,113
2026-01-22,新手教学日,玩家026,1,平,113
2026-01-22,新手教学日,玩家032,5,胜,103
2026-01-22,新手教学日,玩家013,5,负,103
2026-01-22,新手教学日,玩家001,5,负,103
2026-01-22,新手教学日,玩家008,5,胜,103
2026-01-22,新手教学日,玩家004,5,平,103
2026-01-22,新手教学日,玩家043,5,平,103
2026-01-22,新手教学日,玩家027,5,负,103
2026-01-22,新手教学日,玩家004,2,胜,104
2026-01-22,新手教学日,玩家029,2,平,104
2026-01-22,新手教学日,玩家026,2,平,104
2026-01-22,新手教学日,玩家030,2,胜,104
2026-01-22,新手教学日,玩家035,2,平,104
2026-01-22,新手教学日,玩家032,2,胜,104
2026-01-22,新手教学日,玩家008,2,负,104
2026-01-22,新手教学日,玩家013,2,胜,65
2026-01-22,新手教学日,玩家029,2,胜,65
2026-01-22,新手教学日,玩家034,2,负,65
2026-01-22,新手教学日,玩家033,2,胜,65
2026-01-22,新手教学日,玩家027,2,胜,65
2026-01-22,新手教学日,玩家001,3,负,69
2026-01-22,新手教学日,玩家008,3,负,69
2026-01-22,新手教学日,玩家034,3,胜,69
2026-01-22,新手教学日,玩家029,3,胜,69
2026-01-22,新手教学日,玩家004,3,平,69
2026-01-22,新手教学日,玩家035,3,负,69
2026-01-22,新手教学日,玩家034,1,负,103
2026-01-22,新手教学日,玩家043,1,负,103
2026-01-22,新手教学日,玩家024,1,平,103
2026-01-22,新手教学日,玩家032,1,平,103
2026-01-22,新手教学日,玩家013,1,胜,103
2026-01-22,新手教学日,玩家004,1,平,103
2026-01-22,新手教学日,玩家033,1,负,103
2026-01-22,新手教学日,玩家001,1,负,103
2026-01-23,三国杀争霸,玩家006,5,胜,97
2026-01-23,三国杀争霸,玩家027,5,平,97
2026-01-23,三国杀争霸,玩家015,5,胜,97
2026-01-23,三国杀争霸,玩家036,5,负,97
2026-01-23,三国杀争霸,玩家036,2,胜,39
2026-01-23,三国杀争霸,玩家006,2,胜,39
2026-01-23,三国杀争霸,玩家027,2,负,39
2026-01-23,三国杀争霸,玩家015,2,平,39
2026-01-23,三国杀争霸,玩家015,1,负,106
2026-01-23,三国杀争霸,玩家027,1,负,106
2026-01-23,三国杀争霸,玩家036,1,胜,106
2026-01-23,三国杀争霸,玩家006,1,平,106
2026-01-23,新手教学日,玩家044,4,平,37
2026-01-23,新手教学日,玩家019,4,平,37
2026-01-23,新手教学日,玩家018,4,胜,37
2026-01-23,新手教学日,玩家027,4,平,37
2026-01-23,新手教学日,玩家027,2,平,96
2026-01-23,新手教学日,玩家016,2,平,96
2026-01-23,新手教学日,玩家045,2,胜,96
2026-01-23,新手教学日,玩家025,2,平,96
2026-01-23,新手教学日,玩家031,3,胜,41
2026-01-23,新手教学日,玩家048,3,负,41
2026-01-23,新手教学日,玩家009,3,平,41
2026-01-23,新手教学日,玩家005,3,胜,41
2026-01-24,卡牌对战赛,玩家046,2,负,68
2026-01-24,卡牌对战赛,玩家021,2,胜,68
2026-01-24,卡牌对战赛,玩家025,2,胜,68
2026-01-24,卡牌对战赛,玩家016,2,胜,68
2026-01-24,卡牌对战赛,玩家015,2,胜,68
2026-01-24,卡牌对战赛,玩家003,2,平,68
2026-01-24,卡牌对战赛,玩家045,2,平,68
2026-01-24,卡牌对战赛,玩家010,2,平,68
2026-01-24,卡牌对战赛,玩家031,4,胜,96
2026-01-24,卡牌对战赛,玩家045,4,平,96
2026-01-24,卡牌对战赛,玩家016,4,平,96
2026-01-24,卡牌对战赛,玩家003,4,胜,96
2026-01-24,卡牌对战赛,玩家032,4,胜,96
2026-01-24,卡牌对战赛,玩家031,4,负,86
2026-01-24,卡牌对战赛,玩家021,4,负,86
2026-01-24,卡牌对战赛,玩家013,4,胜,86
2026-01-24,卡牌对战赛,玩家046,4,平,86
2026-01-24,卡牌对战赛,玩家027,4,平,86
2026-01-24,卡牌对战赛,玩家010,4,平,114
2026-01-24,卡牌对战赛,玩家003,4,平,114
2026-01-24,卡牌对战赛,玩家027,4,胜,114
2026-01-24,卡牌对战赛,玩家015,4,负,114
2026-01-24,卡牌对战赛,玩家031,4,胜,114
2026-01-24,卡牌对战赛,玩家010,3,胜,52
2026-01-24,卡牌对战赛,玩家037,3,胜,52
2026-01-24,卡牌对战赛,玩家045,3,平,52
2026-01-24,卡牌对战赛,玩家025,3,平,52
2026-01-24,卡牌对战赛,玩家031,3,胜,52
2026-01-24,卡牌对战赛,玩家021,3,平,52
2026-01-24,卡牌对战赛,玩家027,3,平,52
2026-01-24,卡牌对战赛,玩家013,1,负,39
2026-01-24,卡牌对战赛,玩家027,1,平,39
2026-01-24,卡牌对战赛,玩家046,1,平,39
2026-01-24,卡牌对战赛,玩家037,1,负,39
2026-01-24,卡牌对战赛,玩家015,1,负,39
2026-01-24,卡牌对战赛,玩家010,1,平,39
2026-01-24,卡牌对战赛,玩家031,1,负,39
2026-01-24,卡牌对战赛,玩家032,1,平,39
2026-01-25,家庭桌游日,玩家026,5,平,67
2026-01-25,家庭桌游日,玩家040,5,平,67
2026-01-25,家庭桌游日,玩家017,5,负,67
2026-01-25,家庭桌游日,玩家045,5,负,67
2026-01-25,家庭桌游日,玩家022,5,负,67
2026-01-25,家庭桌游日,玩家031,5,平,67
2026-01-25,家庭桌游日,玩家026,3,平,120
2026-01-25,家庭桌游日,玩家017,3,胜,120
2026-01-25,家庭桌游日,玩家031,3,胜,120
2026-01-25,家庭桌游日,玩家022,3,胜,120
2026-01-25,家庭桌游日,玩家040,3,平,120
2026-01-25,家庭桌游日,玩家045,3,负,120
2026-01-25,家庭桌游日,玩家045,3,负,38
2026-01-25,家庭桌游日,玩家031,3,平,38
2026-01-25,家庭桌游日,玩家017,3,负,38
2026-01-25,家庭桌游日,玩家040,3,胜,38
2026-01-25,家庭桌游日,玩家026,3,胜,38
2026-01-25,家庭桌游日,玩家022,3,负,38
2026-01-25,家庭桌游日,玩家031,2,平,98
2026-01-25,家庭桌游日,玩家045,2,平,98
2026-01-25,家庭桌游日,玩家026,2,负,98
2026-01-25,家庭桌游日,玩家022,2,平,98
2026-01-25,家庭桌游日,玩家017,2,平,98
2026-01-25,家庭桌游日,玩家040,2,胜,98
2026-01-25,策略桌游会,玩家040,4,平,24
2026-01-25,策略桌游会,玩家005,4,平,24
2026-01-25,策略桌游会,玩家016,4,平,24
2026-01-25,策略桌游会,玩家041,4,平,24
2026-01-25,策略桌游会,玩家044,4,胜,24
2026-01-25,策略桌游会,玩家040,5,负,31
2026-01-25,策略桌游会,玩家016,5,负,31
2026-01-25,策略桌游会,玩家044,5,负,31
2026-01-25,策略桌游会,玩家041,5,平,31
2026-01-25,策略桌游会,玩家005,5,负,31
2026-01-25,策略桌游会,玩家005,4,负,90
2026-01-25,策略桌游会,玩家040,4,平,90
2026-01-25,策略桌游会,玩家016,4,平,90
2026-01-25,策略桌游会,玩家041,4,平,90
2026-01-25,策略桌游会,玩家044,4,负,90
2026-01-26,策略桌游会,玩家002,3,负,20
2026-01-26,策略桌游会,玩家011,3,胜,20
2026-01-26,策略桌游会,玩家020,3,负,20
2026-01-26,策略桌游会,玩家021,3,平,20
2026-01-26,策略桌游会,玩家045,3,胜,20
2026-01-26,策略桌游会,玩家002,5,负,85
2026-01-26,策略桌游会,玩家045,5,平,85
2026-01-26,策略桌游会,玩家003,5,平,85
2026-01-26,策略桌游会,玩家029,5,负,85
2026-01-26,策略桌游会,玩家002,4,胜,81
2026-01-26,策略桌游会,玩家020,4,负,81
2026-01-26,策略桌游会,玩家011,4,胜,81
2026-01-26,策略桌游会,玩家045,4,负,81
2026-01-26,策略桌游会,玩家021,4,平,81
2026-01-26,策略桌游会,玩家003,4,胜,81
2026-01-26,策略桌游会,玩家029,4,平,81
2026-01-26,策略桌游会,玩家020,2,负,51
2026-01-26,策略桌游会,玩家045,2,胜,51
2026-01-26,策略桌游会,玩家002,2,负,51
2026-01-26,策略桌游会,玩家029,2,平,51
2026-01-26,策略桌游会,玩家003,2,平,51
2026-01-26,策略桌游会,玩家011,2,负,51
2026-01-27,新手教学日,玩家030,5,平,43
2026-01-27,新手教学日,玩家016,5,平,43
2026-01-27,新手教学日,玩家032,5,胜,43
2026-01-27,新手教学日,玩家006,5,负,43
2026-01-27,新手教学日,玩家025,5,平,43
2026-01-27,新手教学日,玩家040,2,平,51
2026-01-27,新手教学日,玩家025,2,负,51
2026-01-27,新手教学日,玩家006,2,胜,51
2026-01-27,新手教学日,玩家022,2,胜,51
2026-01-27,新手教学日,玩家035,2,胜,51
2026-01-27,周末欢乐局,玩家037,4,负,93
2026-01-27,周末欢乐局,玩家032,4,负,93
2026-01-27,周末欢乐局,玩家001,4,胜,93
2026-01-27,周末欢乐局,玩家015,4,平,93
2026-01-27,周末欢乐局,玩家018,4,负,93
2026-01-27,周末欢乐局,玩家043,4,负,93
2026-01-27,周末欢乐局,玩家050,4,胜,93
2026-01-27,周末欢乐局,玩家004,4,平,93
2026-01-27,周末欢乐局,玩家001,2,胜,89
2026-01-27,周末欢乐局,玩家032,2,平,89
2026-01-27,周末欢乐局,玩家026,2,负,89
2026-01-27,周末欢乐局,玩家018,2,负,89
2026-01-28,节日特别场,玩家013,4,胜,108
2026-01-28,节日特别场,玩家012,4,胜,108
2026-01-28,节日特别场,玩家027,4,平,108
2026-01-28,节日特别场,玩家021,4,胜,108
2026-01-28,节日特别场,玩家019,4,负,90
2026-01-28,节日特别场,玩家048,4,胜,90
2026-01-28,节日特别场,玩家012,4,负,90
2026-01-28,节日特别场,玩家027,4,负,90
2026-01-28,节日特别场,玩家021,4,平,90
2026-01-28,节日特别场,玩家013,4,负,90
2026-01-28,节日特别场,玩家027,3,负,66
2026-01-28,节日特别场,玩家013,3,负,66
2026-01-28,节日特别场,玩家021,3,负,66
2026-01-28,节日特别场,玩家012,3,胜,66
2026-01-28,节日特别场,玩家048,3,平,66
2026-01-29,深夜桌游局,玩家031,5,负,75
2026-01-29,深夜桌游局,玩家008,5,胜,75
2026-01-29,深夜桌游局,玩家005,5,胜,75
2026-01-29,深夜桌游局,玩家015,5,平,75
2026-01-29,深夜桌游局,玩家010,5,胜,75
2026-01-29,深夜桌游局,玩家019,4,平,100
2026-01-29,深夜桌游局,玩家005,4,平,100
2026-01-29,深夜桌游局,玩家022,4,平,100
2026-01-29,深夜桌游局,玩家031,4,负,100
2026-01-29,深夜桌游局,玩家008,4,负,47
2026-01-29,深夜桌游局,玩家017,4,负,47
2026-01-29,深夜桌游局,玩家022,4,平,47
2026-01-29,深夜桌游局,玩家010,4,胜,47
2026-01-29,深夜桌游局,玩家031,4,负,47
2026-01-29,深夜桌游局,玩家030,4,平,47
2026-01-30,桌游嘉年华,玩家031,3,平,64
2026-01-30,桌游嘉年华,玩家050,3,平,64
2026-01-30,桌游嘉年华,玩家030,3,胜,64
2026-01-30,桌游嘉年华,玩家024,3,平,64
2026-01-30,桌游嘉年华,玩家025,3,平,64
2026-01-30,桌游嘉年华,玩家044,3,平,64
2026-01-30,桌游嘉年华,玩家007,5,平,82
2026-01-30,桌游嘉年华,玩家031,5,负,82
2026-01-30,桌游嘉年华,玩家015,5,胜,82
2026-01-30,桌游嘉年华,玩家040,5,负,82
2026-01-30,桌游嘉年华,玩家050,5,平,82
2026-01-30,桌游嘉年华,玩家017,3,胜,71
2026-01-30,桌游嘉年华,玩家038,3,胜,71
2026-01-30,桌游嘉年华,玩家015,3,胜,71
2026-01-30,桌游嘉年华,玩家025,3,负,71
2026-01-30,桌游嘉年华,玩家040,3,胜,71
2026-01-30,桌游嘉年华,玩家007,3,负,71
2026-01-30,桌游嘉年华,玩家002,3,负,71
2026-01-30,桌游嘉年华,玩家002,3,平,115
2026-01-30,桌游嘉年华,玩家050,3,平,115
2026-01-30,桌游嘉年华,玩家021,3,负,115
2026-01-30,桌游嘉年华,玩家030,3,负,115
2026-01-30,桌游嘉年华,玩家036,3,胜,115
2026-01-30,桌游嘉年华,玩家038,3,胜,115
2026-01-31,卡牌对战赛,玩家040,2,负,41
2026-01-31,卡牌对战赛,玩家050,2,胜,41
2026-01-31,卡牌对战赛,玩家018,2,胜,41
2026-01-31,卡牌对战赛,玩家027,2,胜,41
2026-01-31,卡牌对战赛,玩家042,2,负,41
2026-01-31,卡牌对战赛,玩家027,5,胜,117
2026-01-31,卡牌对战赛,玩家018,5,胜,117
2026-01-31,卡牌对战赛,玩家032,5,负,117
2026-01-31,卡牌对战赛,玩家040,5,平,117
2026-01-31,周末欢乐局,玩家008,1,平,36
2026-01-31,周末欢乐局,玩家013,1,胜,36
2026-01-31,周末欢乐局,玩家022,1,胜,36
2026-01-31,周末欢乐局,玩家002,1,胜,36
2026-01-31,周末欢乐局,玩家016,1,平,36
2026-01-31,周末欢乐局,玩家043,1,负,36
2026-01-31,周末欢乐局,玩家018,1,负,36
2026-01-31,周末欢乐局,玩家022,4,平,42
2026-01-31,周末欢乐局,玩家014,4,平,42
2026-01-31,周末欢乐局,玩家008,4,负,42
2026-01-31,周末欢乐局,玩家016,4,平,42
2026-01-31,周末欢乐局,玩家043,4,平,42
2026-01-31,周末欢乐局,玩家018,4,平,42
2026-01-31,周末欢乐局,玩家002,4,平,42
2026-01-31,周末欢乐局,玩家039,4,负,31
2026-01-31,周末欢乐局,玩家016,4,负,31
2026-01-31,周末欢乐局,玩家014,4,负,31
2026-01-31,周末欢乐局,玩家008,4,负,31
2026-01-31,周末欢乐局,玩家030,4,负,31
2026-01-31,周末欢乐局,玩家043,4,胜,31
2026-01-31,周末欢乐局,玩家050,4,负,31
2026-01-31,周末欢乐局,玩家013,4,胜,31
2026-02-01,策略桌游会,玩家002,5,负,108
2026-02-01,策略桌游会,玩家012,5,负,108
2026-02-01,策略桌游会,玩家008,5,负,108
2026-02-01,策略桌游会,玩家043,5,胜,108
2026-02-01,策略桌游会,玩家035,5,负,108
2026-02-01,策略桌游会,玩家008,3,胜,70
2026-02-01,策略桌游会,玩家009,3,胜,70
2026-02-01,策略桌游会,玩家035,3,平,70
2026-02-01,策略桌游会,玩家043,3,平,70
2026-02-01,策略桌游会,玩家012,3,平,70
2026-02-01,策略桌游会,玩家002,3,负,70
2026-02-01,策略桌游会,玩家017,3,负,70
2026-02-01,策略桌游会,玩家001,3,胜,70
2026-02-02,新手教学日,玩家008,1,胜,72
2026-02-02,新手教学日,玩家005,1,胜,72
2026-02-02,新手教学日,玩家029,1,胜,72
2026-02-02,新手教学日,玩家034,1,胜,72
2026-02-02,新手教学日,玩家031,1,负,72
2026-02-02,新手教学日,玩家024,1,胜,72
2026-02-02,新手教学日,玩家027,1,平,72
2026-02-02,新手教学日,玩家024,4,胜,39
2026-02-02,新手教学日,玩家034,4,平,39
2026-02-02,新手教学日,玩家031,4,胜,39
2026-02-02,新手教学日,玩家005,4,胜,39
2026-02-02,新手教学日,玩家008,4,胜,39
2026-02-02,新手教学日,玩家048,4,负,39
2026-02-02,新手教学日,玩家027,4,负,39
2026-02-02,新手教学日,玩家029,4,胜,39
2026-02-02,新手教学日,玩家008,4,胜,83
2026-02-02,新手教学日,玩家048,4,负,83
2026-02-02,新手教学日,玩家027,4,负,83
2026-02-02,新手教学日,玩家029,4,负,83
2026-02-02,新手教学日,玩家024,4,负,27
2026-02-02,新手教学日,玩家031,4,负,27
2026-02-02,新手教学日,玩家048,4,胜,27
2026-02-02,新手教学日,玩家034,4,平,27
2026-02-02,新手教学日,玩家029,4,负,27
2026-02-02,新手教学日,玩家008,4,胜,27
2026-02-03,策略桌游会,玩家020,3,胜,24
2026-02-03,策略桌游会,玩家002,3,负,24
2026-02-03,策略桌游会,玩家028,3,平,24
2026-02-03,策略桌游会,玩家006,3,胜,24
2026-02-03,策略桌游会,玩家010,3,平,24
2026-02-03,策略桌游会,玩家037,3,平,24
2026-02-03,策略桌游会,玩家005,3,胜,24
2026-02-03,策略桌游会,玩家032,4,负,101
2026-02-03,策略桌游会,玩家029,4,胜,101
2026-02-03,策略桌游会,玩家031,4,负,101
2026-02-03,策略桌游会,玩家030,4,胜,101
2026-02-03,策略桌游会,玩家002,4,平,101
2026-02-03,策略桌游会,玩家004,4,胜,101
2026-02-03,策略桌游会,玩家028,4,胜,101
2026-02-03,策略桌游会,玩家029,2,胜,51
2026-02-03,策略桌游会,玩家020,2,胜,51
2026-02-03,策略桌游会,玩家031,2,平,51
2026-02-03,策略桌游会,玩家007,2,平,51
2026-02-03,策略桌游会,玩家002,2,负,51
2026-02-03,策略桌游会,玩家026,2,平,51
2026-02-03,策略桌游会,玩家006,2,平,51
2026-02-04,周末欢乐局,玩家017,3,平,107
2026-02-04,周末欢乐局,玩家043,3,负,107
2026-02-04,周末欢乐局,玩家031,3,平,107
2026-02-04,周末欢乐局,玩家021,3,胜,107
2026-02-04,周末欢乐局,玩家041,1,胜,82
2026-02-04,周末欢乐局,玩家043,1,负,82
2026-02-04,周末欢乐局,玩家040,1,平,82
2026-02-04,周末欢乐局,玩家005,1,平,82
2026-02-04,周末欢乐局,玩家021,1,负,82
2026-02-04,周末欢乐局,玩家050,1,负,82
2026-02-04,周末欢乐局,玩家040,2,胜,52
2026-02-04,周末欢乐局,玩家044,2,负,52
2026-02-04,周末欢乐局,玩家010,2,平,52
2026-02-04,周末欢乐局,玩家043,2,负,52
2026-02-04,三国杀争霸,玩家036,3,负,79
2026-02-04,三国杀争霸,玩家031,3,平,79
2026-02-04,三国杀争霸,玩家033,3,平,79
2026-02-04,三国杀争霸,玩家049,3,胜,79
2026-02-04,三国杀争霸,玩家037,3,胜,79
2026-02-04,三国杀争霸,玩家010,3,平,79
2026-02-04,三国杀争霸,玩家015,3,胜,79
2026-02-04,三国杀争霸,玩家024,3,负,79
2026-02-04,三国杀争霸,玩家015,3,胜,113
2026-02-04,三国杀争霸,玩家010,3,胜,113
2026-02-04,三国杀争霸,玩家031,3,平,113
2026-02-04,三国杀争霸,玩家023,3,负,113
2026-02-04,三国杀争霸,玩家024,3,平,113
2026-02-04,三国杀争霸,玩家043,3,胜,113
2026-02-04,三国杀争霸,玩家050,3,平,87
2026-02-04,三国杀争霸,玩家015,3,负,87
2026-02-04,三国杀争霸,玩家043,3,平,87
2026-02-04,三国杀争霸,玩家033,3,胜,87
2026-02-04,三国杀争霸,玩家010,5,平,86
2026-02-04,三国杀争霸,玩家043,5,胜,86
2026-02-04,三国杀争霸,玩家050,5,胜,86
2026-02-04,三国杀争霸,玩家024,5,胜,86
2026-02-04,三国杀争霸,玩家007,5,胜,86
2026-02-04,三国杀争霸,玩家015,5,胜,86
2026-02-04,三国杀争霸,玩家031,2,平,93
2026-02-04,三国杀争霸,玩家033,2,负,93
2026-02-04,三国杀争霸,玩家007,2,平,93
2026-02-04,三国杀争霸,玩家023,2,负,93
2026-02-04,三国杀争霸,玩家036,5,胜,29
2026-02-04,三国杀争霸,玩家049,5,胜,29
2026-02-04,三国杀争霸,玩家014,5,平,29
2026-02-04,三国杀争霸,玩家023,5,负,29
2026-02-04,三国杀争霸,玩家010,5,胜,29
2026-02-04,三国杀争霸,玩家033,5,负,29
2026-02-04,三国杀争霸,玩家050,5,平,29
2026-02-04,三国杀争霸,玩家015,5,胜,29
2026-02-05,节日特别场,玩家001,5,负,29
2026-02-05,节日特别场,玩家018,5,胜,29
2026-02-05,节日特别场,玩家012,5,胜,29
2026-02-05,节日特别场,玩家023,5,平,29
2026-02-05,节日特别场,玩家020,5,胜,29
2026-02-05,节日特别场,玩家010,5,胜,29
2026-02-05,节日特别场,玩家037,5,平,29
2026-02-05,节日特别场,玩家012,2,胜,115
2026-02-05,节日特别场,玩家022,2,平,115
2026-02-05,节日特别场,玩家045,2,平,115
2026-02-05,节日特别场,玩家023,2,负,115
2026-02-05,节日特别场,玩家037,2,平,115
2026-02-05,节日特别场,玩家001,2,负,115
2026-02-05,节日特别场,玩家020,2,平,115
2026-02-05,节日特别场,玩家010,2,平,115
2026-02-05,节日特别场,玩家020,4,负,84
2026-02-05,节日特别场,玩家037,4,平,84
2026-02-05,节日特别场,玩家023,4,胜,84
2026-02-05,节日特别场,玩家022,4,平,84
2026-02-05,节日特别场,玩家001,5,平,75
2026-02-05,节日特别场,玩家037,5,负,75
2026-02-05,节日特别场,玩家023,5,平,75
2026-02-05,节日特别场,玩家020,5,胜,75
2026-02-05,节日特别场,玩家010,5,平,75
2026-02-05,节日特别场,玩家022,5,平,75
2026-02-05,节日特别场,玩家012,5,胜,75
2026-02-06,新手教学日,玩家042,5,负,24
2026-02-06,新手教学日,玩家029,5,平,24
2026-02-06,新手教学日,玩家032,5,胜,24
2026-02-06,新手教学日,玩家039,5,平,24
2026-02-06,新手教学日,玩家022,5,胜,24
2026-02-06,新手教学日,玩家036,5,负,24
2026-02-06,新手教学日,玩家006,1,平,55
2026-02-06,新手教学日,玩家039,1,平,55
2026-02-06,新手教学日,玩家049,1,平,55
2026-02-06,新手教学日,玩家022,1,平,55
2026-02-06,新手教学日,玩家043,1,平,55
2026-02-06,新手教学日,玩家042,1,胜,55
2026-02-06,新手教学日,玩家029,1,负,53
2026-02-06,新手教学日,玩家042,1,平,53
2026-02-06,新手教学日,玩家021,1,胜,53
2026-02-06,新手教学日,玩家024,1,胜,53
2026-02-06,新手教学日,玩家024,3,负,61
2026-02-06,新手教学日,玩家043,3,胜,61
2026-02-06,新手教学日,玩家039,3,负,61
2026-02-06,新手教学日,玩家042,3,平,61
2026-02-06,新手教学日,玩家011,3,平,61
2026-02-06,新手教学日,玩家029,3,平,61
2026-02-06,新手教学日,玩家010,1,负,75
2026-02-06,新手教学日,玩家011,1,胜,75
2026-02-06,新手教学日,玩家043,1,胜,75
2026-02-06,新手教学日,玩家032,1,平,75
2026-02-06,新手教学日,玩家028,1,平,75
2026-02-06,新手教学日,玩家022,1,平,75
2026-02-06,新手教学日,玩家037,1,胜,75
2026-02-06,新手教学日,玩家042,1,平,75
2026-02-06,家庭桌游日,玩家014,1,平,84
2026-02-06,家庭桌游日,玩家020,1,胜,84
2026-02-06,家庭桌游日,玩家009,1,胜,84
2026-02-06,家庭桌游日,玩家050,1,胜,84
2026-02-06,家庭桌游日,玩家014,4,负,120
2026-02-06,家庭桌游日,玩家009,4,胜,120
2026-02-06,家庭桌游日,玩家020,4,胜,120
2026-02-06,家庭桌游日,玩家050,4,负,120
2026-02-06,家庭桌游日,玩家014,1,负,30
2026-02-06,家庭桌游日,玩家050,1,平,30
2026-02-06,家庭桌游日,玩家020,1,负,30
2026-02-06,家庭桌游日,玩家009,1,平,30
2026-02-06,家庭桌游日,玩家009,2,平,70
2026-02-06,家庭桌游日,玩家050,2,平,70
2026-02-06,家庭桌游日,玩家014,2,胜,70
2026-02-06,家庭桌游日,玩家020,2,平,70
2026-02-06,家庭桌游日,玩家020,5,负,119
2026-02-06,家庭桌游日,玩家014,5,负,119
2026-02-06,家庭桌游日,玩家050,5,平,119
2026-02-06,家庭桌游日,玩家009,5,平,119
2026-02-07,家庭桌游日,玩家012,1,负,61
2026-02-07,家庭桌游日,玩家048,1,平,61
2026-02-07,家庭桌游日,玩家028,1,平,61
2026-02-07,家庭桌游日,玩家032,1,胜,61
2026-02-07,家庭桌游日,玩家028,3,胜,76
2026-02-07,家庭桌游日,玩家012,3,胜,76
2026-02-07,家庭桌游日,玩家048,3,胜,76
2026-02-07,家庭桌游日,玩家032,3,平,76
2026-02-07,桌游嘉年华,玩家005,2,胜,56
2026-02-07,桌游嘉年华,玩家043,2,负,56
2026-02-07,桌游嘉年华,玩家002,2,平,56
2026-02-07,桌游嘉年华,玩家026,2,胜,56
2026-02-07,桌游嘉年华,玩家027,3,负,86
2026-02-07,桌游嘉年华,玩家036,3,平,86
2026-02-07,桌游嘉年华,玩家021,3,负,86
2026-02-07,桌游嘉年华,玩家028,3,平,86
2026-02-07,桌游嘉年华,玩家019,3,平,86
2026-02-07,桌游嘉年华,玩家005,3,胜,86
2026-02-07,桌游嘉年华,玩家030,3,平,86
2026-02-07,桌游嘉年华,玩家050,1,平,45
2026-02-07,桌游嘉年华,玩家019,1,平,45
2026-02-07,桌游嘉年华,玩家043,1,负,45
2026-02-07,桌游嘉年华,玩家030,1,胜,45
2026-02-07,桌游嘉年华,玩家003,1,负,45
2026-02-07,桌游嘉年华,玩家036,1,平,45
2026-02-07,桌游嘉年华,玩家026,1,胜,45
2026-02-07,桌游嘉年华,玩家030,1,胜,69
2026-02-07,桌游嘉年华,玩家037,1,负,69
2026-02-07,桌游嘉年华,玩家005,1,平,69
2026-02-07,桌游嘉年华,玩家036,1,平,69
2026-02-07,桌游嘉年华,玩家047,1,胜,69
2026-02-07,桌游嘉年华,玩家039,1,负,69
2026-02-07,桌游嘉年华,玩家021,1,负,69
2026-02-08,桌游嘉年华,玩家041,5,胜,111
2026-02-08,桌游嘉年华,玩家013,5,胜,111
2026-02-08,桌游嘉年华,玩家034,5,胜,111
2026-02-08,桌游嘉年华,玩家008,5,平,111
2026-02-08,桌游嘉年华,玩家034,3,平,65
2026-02-08,桌游嘉年华,玩家013,3,负,65
2026-02-08,桌游嘉年华,玩家041,3,胜,65
2026-02-08,桌游嘉年华,玩家033,3,平,65
2026-02-08,桌游嘉年华,玩家050,3,负,65
2026-02-08,桌游嘉年华,玩家008,3,胜,65
2026-02-08,桌游嘉年华,玩家033,3,平,70
2026-02-08,桌游嘉年华,玩家050,3,胜,70
2026-02-08,桌游嘉年华,玩家008,3,胜,70
2026-02-08,桌游嘉年华,玩家013,3,平,70
2026-02-08,桌游嘉年华,玩家034,3,负,70
2026-02-08,桌游嘉年华,玩家041,3,平,70
2026-02-08,桌游嘉年华,玩家034,5,负,97
2026-02-08,桌游嘉年华,玩家041,5,负,97
2026-02-08,桌游嘉年华,玩家050,5,平,97
2026-02-08,桌游嘉年华,玩家013,5,胜,97
2026-02-08,桌游嘉年华,玩家008,5,胜,97
2026-02-08,桌游嘉年华,玩家050,2,胜,118
2026-02-08,桌游嘉年华,玩家041,2,平,118
2026-02-08,桌游嘉年华,玩家013,2,平,118
2026-02-08,桌游嘉年华,玩家034,2,胜,118
2026-02-08,桌游嘉年华,玩家033,2,负,118
2026-02-08,桌游嘉年华,玩家008,2,胜,118
2026-02-08,桌游嘉年华,玩家013,5,负,117
2026-02-08,桌游嘉年华,玩家033,5,负,117
2026-02-08,桌游嘉年华,玩家041,5,负,117
2026-02-08,桌游嘉年华,玩家034,5,负,117
2026-02-08,桌游嘉年华,玩家050,5,负,117
2026-02-08,桌游嘉年华,玩家008,5,平,117
2026-02-08,新手教学日,玩家012,2,平,97
2026-02-08,新手教学日,玩家039,2,平,97
2026-02-08,新手教学日,玩家037,2,胜,97
2026-02-08,新手教学日,玩家013,2,平,97
2026-02-08,新手教学日,玩家042,2,胜,97
2026-02-08,新手教学日,玩家005,2,平,84
2026-02-08,新手教学日,玩家012,2,负,84
2026-02-08,新手教学日,玩家041,2,平,84
2026-02-08,新手教学日,玩家039,2,平,84
2026-02-08,新手教学日,玩家049,3,胜,44
2026-02-08,新手教学日,玩家041,3,胜,44
2026-02-08,新手教学日,玩家037,3,负,44
2026-02-08,新手教学日,玩家039,3,胜,44
2026-02-08,新手教学日,玩家032,3,负,44
2026-02-08,新手教学日,玩家038,4,负,42
2026-02-08,新手教学日,玩家037,4,平,42
2026-02-08,新手教学日,玩家010,4,负,42
2026-02-08,新手教学日,玩家030,4,平,42
2026-02-08,新手教学日,玩家012,4,负,42
2026-02-09,节日特别场,玩家020,2,平,70
2026-02-09,节日特别场,玩家023,2,平,70
2026-02-09,节日特别场,玩家005,2,平,70
2026-02-09,节日特别场,玩家033,2,平,70
2026-02-09,节日特别场,玩家030,2,平,70
2026-02-09,节日特别场,玩家030,5,胜,25
2026-02-09,节日特别场,玩家023,5,平,25
2026-02-09,节日特别场,玩家033,5,平,25
2026-02-09,节日特别场,玩家005,5,负,25
2026-02-09,节日特别场,玩家020,1,负,70
2026-02-09,节日特别场,玩家023,1,负,70
2026-02-09,节日特别场,玩家030,1,负,70
2026-02-09,节日特别场,玩家033,1,胜,70
2026-02-09,节日特别场,玩家005,1,负,70
2026-02-09,节日特别场,玩家023,3,平,112
2026-02-09,节日特别场,玩家033,3,胜,112
2026-02-09,节日特别场,玩家020,3,胜,112
2026-02-09,节日特别场,玩家005,3,平,112
2026-02-09,节日特别场,玩家030,3,平,112
2026-02-09,节日特别场,玩家020,5,负,42
2026-02-09,节日特别场,玩家030,5,平,42
2026-02-09,节日特别场,玩家033,5,平,42
2026-02-09,节日特别场,玩家005,5,胜,42
2026-02-09,节日特别场,玩家023,5,负,42
2026-02-09,卡牌对战赛,玩家025,3,负,101
2026-02-09,卡牌对战赛,玩家006,3,胜,101
2026-02-09,卡牌对战赛,玩家042,3,平,101
2026-02-09,卡牌对战赛,玩家039,3,平,101
2026-02-09,卡牌对战赛,玩家040,3,负,101
2026-02-09,卡牌对战赛,玩家033,3,平,101
2026-02-09,卡牌对战赛,玩家006,5,平,92
2026-02-09,卡牌对战赛,玩家039,5,胜,92
2026-02-09,卡牌对战赛,玩家033,5,胜,92
2026-02-09,卡牌对战赛,玩家042,5,胜,92
2026-02-09,卡牌对战赛,玩家040,5,胜,92
2026-02-09,卡牌对战赛,玩家025,5,平,92
2026-02-10,策略桌游会,玩家010,4,胜,36
2026-02-10,策略桌游会,玩家007,4,胜,36
2026-02-10,策略桌游会,玩家006,4,平,36
2026-02-10,策略桌游会,玩家004,4,负,36
2026-02-10,策略桌游会,玩家039,4,胜,36
2026-02-10,策略桌游会,玩家021,4,负,36
2026-02-10,策略桌游会,玩家022,4,负,78
2026-02-10,策略桌游会,玩家021,4,负,78
2026-02-10,策略桌游会,玩家007,4,胜,78
2026-02-10,策略桌游会,玩家039,4,平,78
2026-02-10,策略桌游会,玩家029,4,平,78
2026-02-10,策略桌游会,玩家010,4,胜,78
2026-02-10,策略桌游会,玩家033,4,胜,78
2026-02-10,新手教学日,玩家005,3,胜,24
2026-02-10,新手教学日,玩家041,3,胜,24
2026-02-10,新手教学日,玩家027,3,平,24
2026-02-10,新手教学日,玩家024,3,平,24
2026-02-10,新手教学日,玩家025,3,平,24
2026-02-10,新手教学日,玩家048,3,负,24
2026-02-10,新手教学日,玩家042,3,负,24
2026-02-10,新手教学日,玩家044,3,胜,24
2026-02-10,新手教学日,玩家039,1,平,56
2026-02-10,新手教学日,玩家025,1,平,56
2026-02-10,新手教学日,玩家036,1,平,56
2026-02-10,新手教学日,玩家005,1,平,56
2026-02-10,新手教学日,玩家007,5,负,118
2026-02-10,新手教学日,玩家041,5,负,118
2026-02-10,新手教学日,玩家025,5,负,118
2026-02-10,新手教学日,玩家004,5,负,118
2026-02-10,新手教学日,玩家046,5,胜,118
2026-02-10,新手教学日,玩家044,5,负,118
2026-02-10,新手教学日,玩家024,5,平,118
2026-02-10,新手教学日,玩家019,5,胜,118
2026-02-10,新手教学日,玩家025,3,胜,87
2026-02-10,新手教学日,玩家019,3,平,87
2026-02-10,新手教学日,玩家042,3,胜,87
2026-02-10,新手教学日,玩家022,3,平,87
2026-02-10,新手教学日,玩家044,3,胜,87
2026-02-10,新手教学日,玩家041,3,胜,87
2026-02-10,新手教学日,玩家039,3,平,87
2026-02-10,新手教学日,玩家004,5,平,120
2026-02-10,新手教学日,玩家042,5,负,120
2026-02-10,新手教学日,玩家036,5,负,120
2026-02-10,新手教学日,玩家046,5,平,120
2026-02-10,新手教学日,玩家041,3,负,92
2026-02-10,新手教学日,玩家046,3,平,92
2026-02-10,新手教学日,玩家036,3,平,92
2026-02-10,新手教学日,玩家044,3,平,92
2026-02-10,新手教学日,玩家025,3,负,92
2026-02-10,新手教学日,玩家007,3,负,92
2026-02-11,深夜桌游局,玩家028,5,平,79
2026-02-11,深夜桌游局,玩家043,5,胜,79
2026-02-11,深夜桌游局,玩家042,5,平,79
2026-02-11,深夜桌游局,玩家022,5,胜,79
2026-02-11,深夜桌游局,玩家039,5,平,79
2026-02-11,深夜桌游局,玩家022,4,胜,101
2026-02-11,深夜桌游局,玩家044,4,平,101
2026-02-11,深夜桌游局,玩家020,4,负,101
2026-02-11,深夜桌游局,玩家050,4,负,101
2026-02-11,深夜桌游局,玩家033,4,胜,101
2026-02-11,深夜桌游局,玩家043,4,负,101
2026-02-11,深夜桌游局,玩家042,4,负,101
2026-02-11,深夜桌游局,玩家033,5,平,112
2026-02-11,深夜桌游局,玩家002,5,平,112
2026-02-11,深夜桌游局,玩家042,5,胜,112
2026-02-11,深夜桌游局,玩家022,5,胜,112
2026-02-11,深夜桌游局,玩家012,5,胜,112
2026-02-11,深夜桌游局,玩家044,5,负,112
2026-02-11,深夜桌游局,玩家024,5,负,112
2026-02-11,深夜桌游局,玩家034,5,平,112
2026-02-12,三国杀争霸,玩家010,4,负,88
2026-02-12,三国杀争霸,玩家011,4,负,88
2026-02-12,三国杀争霸,玩家025,4,负,88
2026-02-12,三国杀争霸,玩家040,4,平,88
2026-02-12,三国杀争霸,玩家012,1,胜,28
2026-02-12,三国杀争霸,玩家047,1,负,28
2026-02-12,三国杀争霸,玩家045,1,胜,28
2026-02-12,三国杀争霸,玩家010,1,负,28
2026-02-12,三国杀争霸,玩家039,1,负,28
2026-02-12,三国杀争霸,玩家011,1,平,28
2026-02-12,三国杀争霸,玩家025,1,平,28
2026-02-12,三国杀争霸,玩家040,1,胜,28
2026-02-12,三国杀争霸,玩家040,5,负,54
2026-02-12,三国杀争霸,玩家025,5,胜,54
2026-02-12,三国杀争霸,玩家012,5,负,54
2026-02-12,三国杀争霸,玩家039,5,胜,54
2026-02-12,三国杀争霸,玩家010,5,负,54
2026-02-12,三国杀争霸,玩家011,5,负,54
2026-02-12,三国杀争霸,玩家047,5,负,54
2026-02-12,三国杀争霸,玩家045,5,胜,54
2026-02-12,三国杀争霸,玩家010,5,平,76
2026-02-12,三国杀争霸,玩家039,5,胜,76
2026-02-12,三国杀争霸,玩家047,5,负,76
2026-02-12,三国杀争霸,玩家040,5,平,76
2026-02-12,三国杀争霸,玩家025,5,胜,76
2026-02-12,三国杀争霸,玩家012,5,胜,76
2026-02-12,三国杀争霸,玩家012,3,平,46
2026-02-12,三国杀争霸,玩家040,3,胜,46
2026-02-12,三国杀争霸,玩家010,3,负,46
2026-02-12,三国杀争霸,玩家025,3,负,46
2026-02-12,三国杀争霸,玩家039,3,平,46
2026-02-12,三国杀争霸,玩家045,3,平,46
2026-02-12,三国杀争霸,玩家011,3,胜,46
2026-02-12,狼人杀之夜,玩家016,3,胜,25
2026-02-12,狼人杀之夜,玩家019,3,平,25
2026-02-12,狼人杀之夜,玩家027,3,平,25
2026-02-12,狼人杀之夜,玩家011,3,平,25
2026-02-12,狼人杀之夜,玩家030,3,负,44
2026-02-12,狼人杀之夜,玩家024,3,负,44
2026-02-12,狼人杀之夜,玩家019,3,平,44
2026-02-12,狼人杀之夜,玩家020,3,负,44
2026-02-13,桌游嘉年华,玩家026,1,平,91
2026-02-13,桌游嘉年华,玩家033,1,胜,91
2026-02-13,桌游嘉年华,玩家025,1,胜,91
2026-02-13,桌游嘉年华,玩家002,1,平,91
2026-02-13,桌游嘉年华,玩家023,1,负,91
2026-02-13,桌游嘉年华,玩家006,1,平,91
2026-02-13,桌游嘉年华,玩家026,3,负,98
2026-02-13,桌游嘉年华,玩家006,3,平,98
2026-02-13,桌游嘉年华,玩家016,3,负,98
2026-02-13,桌游嘉年华,玩家027,3,胜,98
2026-02-13,桌游嘉年华,玩家002,3,胜,98
2026-02-13,桌游嘉年华,玩家009,3,胜,98
2026-02-13,桌游嘉年华,玩家004,4,负,74
2026-02-13,桌游嘉年华,玩家049,4,胜,74
2026-02-13,桌游嘉年华,玩家002,4,平,74
2026-02-13,桌游嘉年华,玩家022,4,平,74
2026-02-13,桌游嘉年华,玩家015,5,胜,88
2026-02-13,桌游嘉年华,玩家006,5,负,88
2026-02-13,桌游嘉年华,玩家044,5,平,88
2026-02-13,桌游嘉年华,玩家021,5,胜,88
2026-02-13,桌游嘉年华,玩家004,5,胜,88
2026-02-13,桌游嘉年华,玩家009,5,平,88
2026-02-13,桌游嘉年华,玩家022,5,负,88
2026-02-13,桌游嘉年华,玩家006,1,负,53
2026-02-13,桌游嘉年华,玩家007,1,负,53
2026-02-13,桌游嘉年华,玩家022,1,胜,53
2026-02-13,桌游嘉年华,玩家004,1,平,53
2026-02-13,桌游嘉年华,玩家010,1,平,53
2026-02-13,桌游嘉年华,玩家027,1,负,53
2026-02-13,桌游嘉年华,玩家009,1,负,53
2026-02-14,卡牌对战赛,玩家020,4,负,81
2026-02-14,卡牌对战赛,玩家040,4,胜,81
2026-02-14,卡牌对战赛,玩家035,4,负,81
2026-02-14,卡牌对战赛,玩家027,4,负,81
2026-02-14,卡牌对战赛,玩家008,5,负,29
2026-02-14,卡牌对战赛,玩家030,5,平,29
2026-02-14,卡牌对战赛,玩家020,5,负,29
2026-02-14,卡牌对战赛,玩家041,5,负,29
2026-02-14,卡牌对战赛,玩家048,5,平,29
2026-02-14,卡牌对战赛,玩家027,5,负,29
2026-02-14,卡牌对战赛,玩家050,5,胜,29
2026-02-14,卡牌对战赛,玩家040,5,平,29
2026-02-14,卡牌对战赛,玩家008,2,负,95
2026-02-14,卡牌对战赛,玩家040,2,负,95
2026-02-14,卡牌对战赛,玩家041,2,平,95
2026-02-14,卡牌对战赛,玩家020,2,负,95
2026-02-14,卡牌对战赛,玩家027,2,平,95
2026-02-14,卡牌对战赛,玩家004,2,平,95
2026-02-14,卡牌对战赛,玩家048,2,胜,95
2026-02-14,卡牌对战赛,玩家030,2,胜,95
2026-02-14,卡牌对战赛,玩家040,1,胜,76
2026-02-14,卡牌对战赛,玩家020,1,负,76
2026-02-14,卡牌对战赛,玩家005,1,负,76
2026-02-14,卡牌对战赛,玩家048,1,胜,76
2026-02-14,卡牌对战赛,玩家035,1,平,76
2026-02-14,卡牌对战赛,玩家027,1,胜,76
2026-02-14,卡牌对战赛,玩家050,1,平,76
2026-02-14,卡牌对战赛,玩家016,1,平,76
2026-02-14,卡牌对战赛,玩家040,4,平,37
2026-02-14,卡牌对战赛,玩家048,4,平,37
2026-02-14,卡牌对战赛,玩家032,4,胜,37
2026-02-14,卡牌对战赛,玩家016,4,胜,37
2026-02-14,卡牌对战赛,玩家020,4,平,37
2026-02-14,卡牌对战赛,玩家004,4,胜,37
2026-02-15,卡牌对战赛,玩家047,5,平,92
2026-02-15,卡牌对战赛,玩家035,5,负,92
2026-02-15,卡牌对战赛,玩家050,5,负,92
2026-02-15,卡牌对战赛,玩家033,5,平,92
2026-02-15,卡牌对战赛,玩家006,5,负,92
2026-02-15,卡牌对战赛,玩家024,5,胜,92
2026-02-15,卡牌对战赛,玩家033,5,胜,57
2026-02-15,卡牌对战赛,玩家047,5,负,57
2026-02-15,卡牌对战赛,玩家035,5,平,57
2026-02-15,卡牌对战赛,玩家050,5,胜,57
2026-02-15,卡牌对战赛,玩家005,1,负,100
2026-02-15,卡牌对战赛,玩家050,1,平,100
2026-02-15,卡牌对战赛,玩家047,1,负,100
2026-02-15,卡牌对战赛,玩家006,1,负,100
2026-02-15,卡牌对战赛,玩家043,1,负,100
2026-02-15,卡牌对战赛,玩家035,1,负,100
2026-02-15,卡牌对战赛,玩家034,1,平,100
2026-02-15,卡牌对战赛,玩家033,1,胜,100
2026-02-15,卡牌对战赛,玩家006,2,平,56
2026-02-15,卡牌对战赛,玩家034,2,胜,56
2026-02-15,卡牌对战赛,玩家024,2,胜,56
2026-02-15,卡牌对战赛,玩家035,2,胜,56
2026-02-15,卡牌对战赛,玩家033,2,胜,56
2026-02-15,卡牌对战赛,玩家005,2,平,56
2026-02-15,卡牌对战赛,玩家043,2,胜,56
2026-02-15,卡牌对战赛,玩家047,2,负,97
2026-02-15,卡牌对战赛,玩家006,2,平,97
2026-02-15,卡牌对战赛,玩家043,2,胜,97
2026-02-15,卡牌对战赛,玩家050,2,负,97
2026-02-15,卡牌对战赛,玩家034,2,平,97
2026-02-15,卡牌对战赛,玩家024,2,负,97
2026-02-15,卡牌对战赛,玩家035,2,平,97
2026-02-16,节日特别场,玩家005,4,负,93
2026-02-16,节日特别场,玩家023,4,平,93
2026-02-16,节日特别场,玩家047,4,胜,93
2026-02-16,节日特别场,玩家016,4,平,93
2026-02-16,节日特别场,玩家047,5,平,24
2026-02-16,节日特别场,玩家016,5,负,24
2026-02-16,节日特别场,玩家005,5,平,24
2026-02-16,节日特别场,玩家023,5,负,24
2026-02-16,节日特别场,玩家047,1,平,113
2026-02-16,节日特别场,玩家016,1,平,113
2026-02-16,节日特别场,玩家023,1,负,113
2026-02-16,节日特别场,玩家005,1,负,113
2026-02-16,节日特别场,玩家023,5,平,107
2026-02-16,节日特别场,玩家047,5,平,107
2026-02-16,节日特别场,玩家005,5,平,107
2026-02-16,节日特别场,玩家016,5,负,107
2026-02-16,节日特别场,玩家016,5,平,78
2026-02-16,节日特别场,玩家047,5,负,78
2026-02-16,节日特别场,玩家023,5,平,78
2026-02-16,节日特别场,玩家005,5,平,78
2026-02-16,家庭桌游日,玩家022,4,平,113
2026-02-16,家庭桌游日,玩家012,4,负,113
2026-02-16,家庭桌游日,玩家023,4,胜,113
2026-02-16,家庭桌游日,玩家042,4,平,113
2026-02-16,家庭桌游日,玩家035,4,负,113
2026-02-16,家庭桌游日,玩家012,5,负,56
2026-02-16,家庭桌游日,玩家023,5,胜,56
2026-02-16,家庭桌游日,玩家022,5,胜,56
2026-02-16,家庭桌游日,玩家035,5,平,56
2026-02-16,家庭桌游日,玩家042,5,胜,56
2026-02-16,家庭桌游日,玩家035,3,胜,114
2026-02-16,家庭桌游日,玩家022,3,平,114
2026-02-16,家庭桌游日,玩家012,3,胜,114
2026-02-16,家庭桌游日,玩家042,3,平,114
2026-02-16,家庭桌游日,玩家023,3,平,114
2026-02-16,家庭桌游日,玩家022,2,平,43
2026-02-16,家庭桌游日,玩家035,2,胜,43
2026-02-16,家庭桌游日,玩家042,2,负,43
2026-02-16,家庭桌游日,玩家023,2,胜,43
2026-02-16,家庭桌游日,玩家012,2,胜,43
2026-02-17,深夜桌游局,玩家045,2,胜,41
2026-02-17,深夜桌游局,玩家017,2,平,41
2026-02-17,深夜桌游局,玩家020,2,平,41
2026-02-17,深夜桌游局,玩家035,2,负,41
2026-02-17,深夜桌游局,玩家049,2,胜,41
2026-02-17,深夜桌游局,玩家031,2,平,41
2026-02-17,深夜桌游局,玩家046,2,负,41
2026-02-17,深夜桌游局,玩家047,1,负,58
2026-02-17,深夜桌游局,玩家046,1,平,58
2026-02-17,深夜桌游局,玩家017,1,平,58
2026-02-17,深夜桌游局,玩家020,1,胜,58
2026-02-17,深夜桌游局,玩家049,4,负,56
2026-02-17,深夜桌游局,玩家033,4,负,56
2026-02-17,深夜桌游局,玩家048,4,平,56
2026-02-17,深夜桌游局,玩家023,4,负,56
2026-02-17,深夜桌游局,玩家045,4,平,56
2026-02-17,深夜桌游局,玩家021,4,平,56
2026-02-17,深夜桌游局,玩家003,4,胜,56
2026-02-17,深夜桌游局,玩家031,1,平,103
2026-02-17,深夜桌游局,玩家045,1,负,103
2026-02-17,深夜桌游局,玩家033,1,负,103
2026-02-17,深夜桌游局,玩家047,1,平,103
2026-02-17,深夜桌游局,玩家048,1,平,103
2026-02-17,深夜桌游局,玩家023,1,胜,103
2026-02-17,深夜桌游局,玩家019,1,平,103
2026-02-17,深夜桌游局,玩家017,1,平,103
2026-02-17,深夜桌游局,玩家023,5,平,21
2026-02-17,深夜桌游局,玩家035,5,胜,21
2026-02-17,深夜桌游局,玩家047,5,胜,21
2026-02-17,深夜桌游局,玩家049,5,胜,21
2026-02-17,深夜桌游局,玩家033,5,负,21
2026-02-17,深夜桌游局,玩家050,1,胜,24
2026-02-17,深夜桌游局,玩家046,1,平,24
2026-02-17,深夜桌游局,玩家031,1,胜,24
2026-02-17,深夜桌游局,玩家004,1,胜,24
2026-02-17,深夜桌游局,玩家049,1,平,24
2026-02-17,深夜桌游局,玩家048,1,平,24
2026-02-17,深夜桌游局,玩家017,1,胜,24
2026-02-17,深夜桌游局,玩家023,1,平,24
2026-02-17,狼人杀之夜,玩家021,1,平,102
2026-02-17,狼人杀之夜,玩家028,1,胜,102
2026-02-17,狼人杀之夜,玩家029,1,胜,102
2026-02-17,狼人杀之夜,玩家023,1,平,102
2026-02-17,狼人杀之夜,玩家020,2,负,55
2026-02-17,狼人杀之夜,玩家040,2,平,55
2026-02-17,狼人杀之夜,玩家029,2,平,55
2026-02-17,狼人杀之夜,玩家012,2,负,55
2026-02-17,狼人杀之夜,玩家023,2,负,55
2026-02-17,狼人杀之夜,玩家046,2,胜,55
2026-02-18,深夜桌游局,玩家048,3,负,53
2026-02-18,深夜桌游局,玩家037,3,胜,53
2026-02-18,深夜桌游局,玩家024,3,负,53
2026-02-18,深夜桌游局,玩家016,3,胜,53
2026-02-18,深夜桌游局,玩家025,4,胜,33
2026-02-18,深夜桌游局,玩家048,4,平,33
2026-02-18,深夜桌游局,玩家042,4,负,33
2026-02-18,深夜桌游局,玩家024,4,胜,33
2026-02-18,深夜桌游局,玩家037,4,平,33
2026-02-19,策略桌游会,玩家009,4,负,52
2026-02-19,策略桌游会,玩家005,4,胜,52
2026-02-19,策略桌游会,玩家037,4,负,52
2026-02-19,策略桌游会,玩家025,4,胜,52
2026-02-19,策略桌游会,玩家018,4,平,52
2026-02-19,策略桌游会,玩家008,4,平,52
2026-02-19,策略桌游会,玩家002,1,负,62
2026-02-19,策略桌游会,玩家042,1,平,62
2026-02-19,策略桌游会,玩家034,1,胜,62
2026-02-19,策略桌游会,玩家008,1,平,62
2026-02-19,三国杀争霸,玩家012,4,负,108
2026-02-19,三国杀争霸,玩家013,4,胜,108
2026-02-19,三国杀争霸,玩家011,4,平,108
2026-02-19,三国杀争霸,玩家033,4,平,108
2026-02-19,三国杀争霸,玩家048,4,负,108
2026-02-19,三国杀争霸,玩家020,4,负,108
2026-02-19,三国杀争霸,玩家015,4,平,108
2026-02-19,三国杀争霸,玩家020,3,负,78
2026-02-19,三国杀争霸,玩家008,3,平,78
2026-02-19,三国杀争霸,玩家013,3,胜,78
2026-02-19,三国杀争霸,玩家011,3,胜,78
2026-02-19,三国杀争霸,玩家041,3,平,78
2026-02-19,三国杀争霸,玩家033,3,胜,78
2026-02-19,三国杀争霸,玩家009,3,负,78
2026-02-19,三国杀争霸,玩家013,2,负,100
2026-02-19,三国杀争霸,玩家012,2,平,100
2026-02-19,三国杀争霸,玩家011,2,胜,100
2026-02-19,三国杀争霸,玩家041,2,胜,100
2026-02-19,三国杀争霸,玩家024,2,胜,100
2026-02-19,三国杀争霸,玩家008,2,胜,100
2026-02-19,三国杀争霸,玩家048,1,胜,77
2026-02-19,三国杀争霸,玩家024,1,胜,77
2026-02-19,三国杀争霸,玩家012,1,负,77
2026-02-19,三国杀争霸,玩家011,1,胜,77
2026-02-19,三国杀争霸,玩家033,1,负,77
2026-02-19,三国杀争霸,玩家045,1,平,77
2026-02-19,三国杀争霸,玩家009,1,胜,77
2026-02-19,三国杀争霸,玩家013,1,负,77
2026-02-19,三国杀争霸,玩家009,1,平,106
2026-02-19,三国杀争霸,玩家008,1,胜,106
2026-02-19,三国杀争霸,玩家013,1,平,106
2026-02-19,三国杀争霸,玩家033,1,平,106
2026-02-19,三国杀争霸,玩家024,1,胜,106
2026-02-20,卡牌对战赛,玩家037,1,平,51
2026-02-20,卡牌对战赛,玩家021,1,平,51
2026-02-20,卡牌对战赛,玩家026,1,胜,51
2026-02-20,卡牌对战赛,玩家029,1,胜,51
2026-02-20,卡牌对战赛,玩家042,1,胜,51
2026-02-20,卡牌对战赛,玩家029,1,胜,33
2026-02-20,卡牌对战赛,玩家046,1,负,33
2026-02-20,卡牌对战赛,玩家037,1,平,33
2026-02-20,卡牌对战赛,玩家009,1,平,33
2026-02-20,卡牌对战赛,玩家047,1,胜,33
2026-02-20,卡牌对战赛,玩家042,1,胜,33
2026-02-20,桌游嘉年华,玩家023,4,胜,47
2026-02-20,桌游嘉年华,玩家049,4,平,47
2026-02-20,桌游嘉年华,玩家020,4,胜,47
2026-02-20,桌游嘉年华,玩家046,4,负,47
2026-02-20,桌游嘉年华,玩家011,4,胜,47
2026-02-20,桌游嘉年华,玩家021,4,胜,47
2026-02-20,桌游嘉年华,玩家023,3,胜,76
2026-02-20,桌游嘉年华,玩家011,3,平,76
2026-02-20,桌游嘉年华,玩家015,3,胜,76
2026-02-20,桌游嘉年华,玩家049,3,胜,76
2026-02-20,桌游嘉年华,玩家034,3,胜,76
2026-02-20,桌游嘉年华,玩家049,5,平,31
2026-02-20,桌游嘉年华,玩家020,5,平,31
2026-02-20,桌游嘉年华,玩家021,5,平,31
2026-02-20,桌游嘉年华,玩家023,5,负,31
2026-02-20,桌游嘉年华,玩家046,5,负,31
2026-02-20,桌游嘉年华,玩家015,5,平,31
2026-02-20,桌游嘉年华,玩家034,5,负,31
2026-02-21,狼人杀之夜,玩家010,2,平,42
2026-02-21,狼人杀之夜,玩家011,2,平,42
2026-02-21,狼人杀之夜,玩家038,2,胜,42
2026-02-21,狼人杀之夜,玩家042,2,平,42
2026-02-21,狼人杀之夜,玩家033,2,胜,42
2026-02-21,狼人杀之夜,玩家033,4,胜,44
2026-02-21,狼人杀之夜,玩家011,4,平,44
2026-02-21,狼人杀之夜,玩家047,4,胜,44
2026-02-21,狼人杀之夜,玩家042,4,平,44
2026-02-21,狼人杀之夜,玩家010,4,负,44
2026-02-21,狼人杀之夜,玩家038,4,平,44
2026-02-21,狼人杀之夜,玩家038,5,胜,34
2026-02-21,狼人杀之夜,玩家042,5,平,34
2026-02-21,狼人杀之夜,玩家011,5,负,34
2026-02-21,狼人杀之夜,玩家033,5,负,34
2026-02-21,狼人杀之夜,玩家010,5,胜,34
2026-02-21,周末欢乐局,玩家042,1,负,52
2026-02-21,周末欢乐局,玩家003,1,平,52
2026-02-21,周末欢乐局,玩家006,1,负,52
2026-02-21,周末欢乐局,玩家050,1,胜,52
2026-02-21,周末欢乐局,玩家003,1,胜,85
2026-02-21,周末欢乐局,玩家006,1,胜,85
2026-02-21,周末欢乐局,玩家042,1,胜,85
2026-02-21,周末欢乐局,玩家050,1,平,85
2026-02-21,周末欢乐局,玩家042,4,胜,49
2026-02-21,周末欢乐局,玩家003,4,负,49
2026-02-21,周末欢乐局,玩家006,4,胜,49
2026-02-21,周末欢乐局,玩家050,4,胜,49
2026-02-22,深夜桌游局,玩家043,4,胜,82
2026-02-22,深夜桌游局,玩家042,4,负,82
2026-02-22,深夜桌游局,玩家041,4,胜,82
2026-02-22,深夜桌游局,玩家004,4,胜,82
2026-02-22,深夜桌游局,玩家031,4,平,82
2026-02-22,深夜桌游局,玩家043,4,平,44
2026-02-22,深夜桌游局,玩家026,4,负,44
2026-02-22,深夜桌游局,玩家002,4,负,44
2026-02-22,深夜桌游局,玩家042,4,胜,44
2026-02-22,深夜桌游局,玩家004,4,负,44
2026-02-22,深夜桌游局,玩家041,2,负,79
2026-02-22,深夜桌游局,玩家020,2,负,79
2026-02-22,深夜桌游局,玩家002,2,胜,79
2026-02-22,深夜桌游局,玩家011,2,负,79
2026-02-23,周末欢乐局,玩家008,3,平,72
2026-02-23,周末欢乐局,玩家045,3,负,72
2026-02-23,周末欢乐局,玩家025,3,胜,72
2026-02-23,周末欢乐局,玩家019,3,平,72
2026-02-23,周末欢乐局,玩家011,3,负,72
2026-02-23,周末欢乐局,玩家004,3,负,72
2026-02-23,周末欢乐局,玩家018,3,负,72
2026-02-23,周末欢乐局,玩家016,3,胜,72
2026-02-23,周末欢乐局,玩家018,4,胜,95
2026-02-23,周末欢乐局,玩家050,4,平,95
2026-02-23,周末欢乐局,玩家010,4,胜,95
2026-02-23,周末欢乐局,玩家019,4,负,95
2026-02-23,周末欢乐局,玩家011,4,胜,95
2026-02-23,周末欢乐局,玩家027,1,平,81
2026-02-23,周末欢乐局,玩家045,1,胜,81
2026-02-23,周末欢乐局,玩家004,1,负,81
2026-02-23,周末欢乐局,玩家016,1,负,81
2026-02-23,周末欢乐局,玩家010,1,胜,81
2026-02-23,周末欢乐局,玩家011,1,胜,81
2026-02-23,周末欢乐局,玩家019,1,平,81
2026-02-24,桌游嘉年华,玩家023,4,负,22
2026-02-24,桌游嘉年华,玩家043,4,平,22
2026-02-24,桌游嘉年华,玩家039,4,负,22
2026-02-24,桌游嘉年华,玩家019,4,胜,22
2026-02-24,桌游嘉年华,玩家014,4,平,22
2026-02-24,桌游嘉年华,玩家024,4,负,43
2026-02-24,桌游嘉年华,玩家030,4,平,43
2026-02-24,桌游嘉年华,玩家007,4,负,43
2026-02-24,桌游嘉年华,玩家017,4,平,43
2026-02-24,桌游嘉年华,玩家023,4,平,43
2026-02-24,桌游嘉年华,玩家001,4,胜,43
2026-02-24,桌游嘉年华,玩家043,4,平,43
2026-02-24,桌游嘉年华,玩家045,4,胜,43
2026-02-25,桌游嘉年华,玩家007,3,胜,114
2026-02-25,桌游嘉年华,玩家024,3,平,114
2026-02-25,桌游嘉年华,玩家022,3,平,114
2026-02-25,桌游嘉年华,玩家010,3,负,114
2026-02-25,桌游嘉年华,玩家026,3,胜,114
2026-02-25,桌游嘉年华,玩家036,3,胜,114
2026-02-25,桌游嘉年华,玩家013,3,负,114
2026-02-25,桌游嘉年华,玩家048,3,负,114
2026-02-25,桌游嘉年华,玩家007,4,胜,62
2026-02-25,桌游嘉年华,玩家024,4,平,62
2026-02-25,桌游嘉年华,玩家010,4,胜,62
2026-02-25,桌游嘉年华,玩家026,4,平,62
2026-02-25,桌游嘉年华,玩家013,4,负,62
2026-02-25,桌游嘉年华,玩家048,4,平,62
2026-02-25,桌游嘉年华,玩家022,4,平,62
2026-02-25,桌游嘉年华,玩家036,4,平,62
2026-02-25,桌游嘉年华,玩家048,2,胜,55
2026-02-25,桌游嘉年华,玩家024,2,胜,55
2026-02-25,桌游嘉年华,玩家010,2,负,55
2026-02-25,桌游嘉年华,玩家036,2,负,55
2026-02-25,桌游嘉年华,玩家022,2,负,55
2026-02-25,桌游嘉年华,玩家026,4,负,44
2026-02-25,桌游嘉年华,玩家022,4,胜,44
2026-02-25,桌游嘉年华,玩家048,4,胜,44
2026-02-25,桌游嘉年华,玩家036,4,负,44
2026-02-25,桌游嘉年华,玩家024,4,胜,44
2026-02-25,桌游嘉年华,玩家013,4,负,44
2026-02-25,桌游嘉年华,玩家010,4,胜,44
2026-02-25,桌游嘉年华,玩家007,4,胜,44
2026-02-25,桌游嘉年华,玩家026,2,平,86
2026-02-25,桌游嘉年华,玩家048,2,胜,86
2026-02-25,桌游嘉年华,玩家013,2,负,86
2026-02-25,桌游嘉年华,玩家022,2,负,86
2026-02-25,桌游嘉年华,玩家010,2,平,86
2026-02-25,桌游嘉年华,玩家007,2,平,86
2026-02-25,深夜桌游局,玩家009,4,胜,44
2026-02-25,深夜桌游局,玩家021,4,胜,44
2026-02-25,深夜桌游局,玩家026,4,胜,44
2026-02-25,深夜桌游局,玩家011,4,平,44
2026-02-25,深夜桌游局,玩家031,4,平,44
2026-02-25,深夜桌游局,玩家039,4,负,44
2026-02-25,深夜桌游局,玩家033,4,平,58
2026-02-25,深夜桌游局,玩家011,4,胜,58
2026-02-25,深夜桌游局,玩家020,4,负,58
2026-02-25,深夜桌游局,玩家022,4,胜,58
2026-02-25,深夜桌游局,玩家021,4,负,58
2026-02-25,深夜桌游局,玩家040,4,胜,58
2026-02-25,深夜桌游局,玩家043,4,负,58
2026-02-25,深夜桌游局,玩家010,4,负,58
2026-02-25,深夜桌游局,玩家030,3,平,41
2026-02-25,深夜桌游局,玩家033,3,胜,41
2026-02-25,深夜桌游局,玩家039,3,平,41
2026-02-25,深夜桌游局,玩家021,3,平,41
2026-02-26,节日特别场,玩家031,2,负,25
2026-02-26,节日特别场,玩家039,2,平,25
2026-02-26,节日特别场,玩家017,2,胜,25
2026-02-26,节日特别场,玩家042,2,负,25
2026-02-26,节日特别场,玩家031,3,胜,64
2026-02-26,节日特别场,玩家039,3,负,64
2026-02-26,节日特别场,玩家017,3,负,64
2026-02-26,节日特别场,玩家042,3,平,64
2026-02-26,节日特别场,玩家017,2,胜,83
2026-02-26,节日特别场,玩家039,2,负,83
2026-02-26,节日特别场,玩家042,2,负,83
2026-02-26,节日特别场,玩家031,2,胜,83
2026-02-26,节日特别场,玩家017,1,平,57
2026-02-26,节日特别场,玩家042,1,平,57
2026-02-26,节日特别场,玩家031,1,胜,57
2026-02-26,节日特别场,玩家039,1,平,57
2026-02-27,家庭桌游日,玩家027,3,胜,59
2026-02-27,家庭桌游日,玩家034,3,负,59
2026-02-27,家庭桌游日,玩家040,3,平,59
2026-02-27,家庭桌游日,玩家047,3,胜,59
2026-02-27,家庭桌游日,玩家041,4,负,48
2026-02-27,家庭桌游日,玩家008,4,胜,48
2026-02-27,家庭桌游日,玩家034,4,胜,48
2026-02-27,家庭桌游日,玩家010,4,胜,48
2026-02-27,家庭桌游日,玩家037,4,平,48
2026-02-27,家庭桌游日,玩家003,4,负,48
2026-02-27,家庭桌游日,玩家002,1,负,105
2026-02-27,家庭桌游日,玩家010,1,负,105
2026-02-27,家庭桌游日,玩家027,1,胜,105
2026-02-27,家庭桌游日,玩家008,1,平,105
2026-02-27,家庭桌游日,玩家037,1,负,105
2026-02-27,家庭桌游日,玩家021,1,负,105
2026-02-27,家庭桌游日,玩家003,1,负,105
2026-02-27,家庭桌游日,玩家011,1,负,105
2026-02-27,家庭桌游日,玩家013,1,胜,31
2026-02-27,家庭桌游日,玩家014,1,平,31
2026-02-27,家庭桌游日,玩家037,1,负,31
2026-02-27,家庭桌游日,玩家021,1,平,31
2026-02-27,家庭桌游日,玩家029,1,负,31
2026-02-27,家庭桌游日,玩家003,1,负,31
2026-02-27,家庭桌游日,玩家029,3,负,46
2026-02-27,家庭桌游日,玩家014,3,负,46
2026-02-27,家庭桌游日,玩家040,3,平,46
2026-02-27,家庭桌游日,玩家041,3,负,46
2026-02-27,家庭桌游日,玩家027,3,胜,46
2026-02-27,狼人杀之夜,玩家044,4,胜,73
2026-02-27,狼人杀之夜,玩家040,4,平,73
2026-02-27,狼人杀之夜,玩家018,4,负,73
2026-02-27,狼人杀之夜,玩家045,4,平,73
2026-02-27,狼人杀之夜,玩家042,5,胜,82
2026-02-27,狼人杀之夜,玩家050,5,负,82
2026-02-27,狼人杀之夜,玩家040,5,平,82
2026-02-27,狼人杀之夜,玩家045,5,负,82
2026-02-27,狼人杀之夜,玩家013,5,负,82
2026-02-27,狼人杀之夜,玩家042,5,平,101
2026-02-27,狼人杀之夜,玩家044,5,负,101
2026-02-27,狼人杀之夜,玩家020,5,胜,101
2026-02-27,狼人杀之夜,玩家015,5,平,101
2026-02-27,狼人杀之夜,玩家050,5,平,101
2026-02-27,狼人杀之夜,玩家045,5,负,101
2026-02-27,狼人杀之夜,玩家016,5,负,101
2026-02-27,狼人杀之夜,玩家038,2,胜,83
2026-02-27,狼人杀之夜,玩家036,2,平,83
2026-02-27,狼人杀之夜,玩家018,2,平,83
2026-02-27,狼人杀之夜,玩家042,2,负,83
2026-02-27,狼人杀之夜,玩家044,2,平,83
2026-02-27,狼人杀之夜,玩家047,2,负,83
2026-02-27,狼人杀之夜,玩家045,2,平,83
2026-02-27,狼人杀之夜,玩家018,4,平,85
2026-02-27,狼人杀之夜,玩家038,4,平,85
2026-02-27,狼人杀之夜,玩家031,4,胜,85
2026-02-27,狼人杀之夜,玩家036,4,负,85
2026-02-27,狼人杀之夜,玩家047,4,胜,85
2026-02-27,狼人杀之夜,玩家017,4,平,85
2026-02-27,狼人杀之夜,玩家017,1,胜,40
2026-02-27,狼人杀之夜,玩家031,1,负,40
2026-02-27,狼人杀之夜,玩家036,1,负,40
2026-02-27,狼人杀之夜,玩家050,1,负,40
2026-02-27,狼人杀之夜,玩家038,1,平,40
2026-02-28,策略桌游会,玩家006,1,胜,43
2026-02-28,策略桌游会,玩家042,1,平,43
2026-02-28,策略桌游会,玩家023,1,胜,43
2026-02-28,策略桌游会,玩家019,1,平,43
2026-02-28,策略桌游会,玩家003,1,负,43
2026-02-28,策略桌游会,玩家050,1,负,43
2026-02-28,策略桌游会,玩家023,3,胜,21
2026-02-28,策略桌游会,玩家019,3,平,21
2026-02-28,策略桌游会,玩家006,3,负,21
2026-02-28,策略桌游会,玩家042,3,负,21
2026-02-28,策略桌游会,玩家050,3,负,21
2026-02-28,策略桌游会,玩家029,3,负,21
2026-02-28,策略桌游会,玩家003,3,平,44
2026-02-28,策略桌游会,玩家042,3,平,44
2026-02-28,策略桌游会,玩家029,3,平,44
2026-02-28,策略桌游会,玩家006,3,平,44
2026-02-28,策略桌游会,玩家023,3,平,44
2026-02-28,策略桌游会,玩家029,5,胜,36
2026-02-28,策略桌游会,玩家046,5,负,36
2026-02-28,策略桌游会,玩家019,5,负,36
2026-02-28,策略桌游会,玩家023,5,负,36
2026-03-01,新手教学日,玩家046,2,胜,48
2026-03-01,新手教学日,玩家040,2,平,48
2026-03-01,新手教学日,玩家043,2,胜,48
2026-03-01,新手教学日,玩家048,2,平,48
2026-03-01,新手教学日,玩家007,2,胜,48
2026-03-01,新手教学日,玩家016,2,负,48
2026-03-01,新手教学日,玩家038,2,胜,48
2026-03-01,新手教学日,玩家040,2,负,22
2026-03-01,新手教学日,玩家038,2,负,22
2026-03-01,新手教学日,玩家046,2,胜,22
2026-03-01,新手教学日,玩家007,2,胜,22
2026-03-01,新手教学日,玩家016,2,胜,22
2026-03-01,新手教学日,玩家007,1,胜,116
2026-03-01,新手教学日,玩家038,1,胜,116
2026-03-01,新手教学日,玩家043,1,平,116
2026-03-01,新手教学日,玩家048,1,胜,116
2026-03-01,新手教学日,玩家046,1,平,116
2026-03-01,新手教学日,玩家004,1,胜,116
2026-03-01,新手教学日,玩家040,1,胜,116
2026-03-01,新手教学日,玩家016,1,平,116
2026-03-01,新手教学日,玩家040,3,负,94
2026-03-01,新手教学日,玩家043,3,负,94
2026-03-01,新手教学日,玩家046,3,胜,94
2026-03-01,新手教学日,玩家048,3,平,94
2026-03-01,狼人杀之夜,玩家011,2,胜,56
2026-03-01,狼人杀之夜,玩家044,2,平,56
2026-03-01,狼人杀之夜,玩家027,2,胜,56
2026-03-01,狼人杀之夜,玩家042,2,平,56
2026-03-01,狼人杀之夜,玩家001,2,胜,56
2026-03-01,狼人杀之夜,玩家036,2,胜,56
2026-03-01,狼人杀之夜,玩家009,2,平,56
2026-03-01,狼人杀之夜,玩家027,4,负,43
2026-03-01,狼人杀之夜,玩家011,4,负,43
2026-03-01,狼人杀之夜,玩家009,4,负,43
2026-03-01,狼人杀之夜,玩家036,4,胜,43
2026-03-01,狼人杀之夜,玩家001,4,平,43
2026-03-01,狼人杀之夜,玩家044,4,胜,43
2026-03-01,狼人杀之夜,玩家042,4,平,34
2026-03-01,狼人杀之夜,玩家001,4,胜,34
2026-03-01,狼人杀之夜,玩家044,4,负,34
2026-03-01,狼人杀之夜,玩家036,4,负,34
2026-03-01,狼人杀之夜,玩家027,3,负,56
2026-03-01,狼人杀之夜,玩家044,3,平,56
2026-03-01,狼人杀之夜,玩家042,3,平,56
2026-03-01,狼人杀之夜,玩家001,3,负,56
2026-03-01,狼人杀之夜,玩家009,3,平,56
2026-03-01,狼人杀之夜,玩家011,3,负,56
2026-03-01,狼人杀之夜,玩家036,3,胜,56
2026-03-01,狼人杀之夜,玩家001,5,平,21
2026-03-01,狼人杀之夜,玩家036,5,负,21
2026-03-01,狼人杀之夜,玩家009,5,平,21
2026-03-01,狼人杀之夜,玩家044,5,胜,21
2026-03-01,狼人杀之夜,玩家011,5,负,21
2026-03-01,狼人杀之夜,玩家042,5,负,21
2026-03-01,狼人杀之夜,玩家027,5,平,21
2026-03-01,狼人杀之夜,玩家009,1,胜,114
2026-03-01,狼人杀之夜,玩家036,1,胜,114
2026-03-01,狼人杀之夜,玩家027,1,负,114
2026-03-01,狼人杀之夜,玩家044,1,胜,114
2026-03-02,节日特别场,玩家035,2,平,117
2026-03-02,节日特别场,玩家042,2,平,117
2026-03-02,节日特别场,玩家037,2,平,117
2026-03-02,节日特别场,玩家012,2,负,117
2026-03-02,节日特别场,玩家015,2,平,117
2026-03-02,节日特别场,玩家003,2,负,117
2026-03-02,节日特别场,玩家012,3,负,118
2026-03-02,节日特别场,玩家003,3,胜,118
2026-03-02,节日特别场,玩家035,3,胜,118
2026-03-02,节日特别场,玩家037,3,负,118
2026-03-02,节日特别场,玩家015,3,负,118
2026-03-02,节日特别场,玩家042,3,负,118
2026-03-02,节日特别场,玩家042,2,胜,106
2026-03-02,节日特别场,玩家012,2,胜,106
2026-03-02,节日特别场,玩家003,2,负,106
2026-03-02,节日特别场,玩家035,2,平,106
2026-03-02,节日特别场,玩家037,2,平,106
2026-03-02,节日特别场,玩家015,3,胜,79
2026-03-02,节日特别场,玩家003,3,负,79
2026-03-02,节日特别场,玩家042,3,平,79
2026-03-02,节日特别场,玩家035,3,负,79
2026-03-02,节日特别场,玩家037,3,负,79
2026-03-03,三国杀争霸,玩家007,3,负,77
2026-03-03,三国杀争霸,玩家030,3,负,77
2026-03-03,三国杀争霸,玩家032,3,负,77
2026-03-03,三国杀争霸,玩家003,3,负,77
2026-03-03,三国杀争霸,玩家035,3,胜,77
2026-03-03,三国杀争霸,玩家022,3,胜,77
2026-03-03,三国杀争霸,玩家034,3,胜,77
2026-03-03,三国杀争霸,玩家037,3,平,77
2026-03-03,三国杀争霸,玩家019,3,胜,82
2026-03-03,三国杀争霸,玩家022,3,平,82
2026-03-03,三国杀争霸,玩家020,3,平,82
2026-03-03,三国杀争霸,玩家039,3,负,82
2026-03-03,三国杀争霸,玩家032,3,平,82
2026-03-03,三国杀争霸,玩家035,5,平,83
2026-03-03,三国杀争霸,玩家019,5,负,83
2026-03-03,三国杀争霸,玩家032,5,平,83
2026-03-03,三国杀争霸,玩家030,5,平,83
2026-03-03,三国杀争霸,玩家020,5,负,83
2026-03-03,三国杀争霸,玩家003,5,负,83
2026-03-03,三国杀争霸,玩家037,5,负,83
2026-03-03,三国杀争霸,玩家009,5,胜,83
2026-03-03,三国杀争霸,玩家003,1,负,74
2026-03-03,三国杀争霸,玩家020,1,负,74
2026-03-03,三国杀争霸,玩家007,1,负,74
2026-03-03,三国杀争霸,玩家034,1,负,74
2026-03-03,三国杀争霸,玩家009,1,胜,74
2026-03-03,三国杀争霸,玩家035,1,平,74
2026-03-03,三国杀争霸,玩家037,1,胜,74
2026-03-03,三国杀争霸,玩家030,1,胜,74
2026-03-03,三国杀争霸,玩家035,2,胜,41
2026-03-03,三国杀争霸,玩家001,2,平,41
2026-03-03,三国杀争霸,玩家032,2,负,41
2026-03-03,三国杀争霸,玩家039,2,胜,41
2026-03-03,三国杀争霸,玩家034,2,负,41
2026-03-03,三国杀争霸,玩家007,2,平,41
2026-03-03,三国杀争霸,玩家030,4,负,93
2026-03-03,三国杀争霸,玩家022,4,负,93
2026-03-03,三国杀争霸,玩家039,4,平,93
2026-03-03,三国杀争霸,玩家003,4,胜,93
2026-03-03,三国杀争霸,玩家019,4,负,93
2026-03-03,三国杀争霸,玩家035,4,胜,93
2026-03-03,三国杀争霸,玩家020,4,平,93
2026-03-03,三国杀争霸,玩家037,4,平,93
2026-03-04,三国杀争霸,玩家047,3,负,45
2026-03-04,三国杀争霸,玩家033,3,平,45
2026-03-04,三国杀争霸,玩家041,3,胜,45
2026-03-04,三国杀争霸,玩家028,3,平,45
2026-03-04,三国杀争霸,玩家006,3,胜,45
2026-03-04,三国杀争霸,玩家007,3,负,45
2026-03-04,三国杀争霸,玩家026,3,负,45
2026-03-04,三国杀争霸,玩家007,1,平,111
2026-03-04,三国杀争霸,玩家021,1,胜,111
2026-03-04,三国杀争霸,玩家026,1,平,111
2026-03-04,三国杀争霸,玩家028,1,负,111
2026-03-04,三国杀争霸,玩家033,1,负,111
2026-03-04,三国杀争霸,玩家012,1,胜,111
2026-03-04,三国杀争霸,玩家006,5,平,104
2026-03-04,三国杀争霸,玩家021,5,负,104
2026-03-04,三国杀争霸,玩家026,5,胜,104
2026-03-04,三国杀争霸,玩家041,5,负,104
2026-03-04,三国杀争霸,玩家012,5,负,104
2026-03-04,三国杀争霸,玩家047,5,负,104
2026-03-04,三国杀争霸,玩家028,5,平,104
2026-03-04,三国杀争霸,玩家040,5,平,104
2026-03-04,深夜桌游局,玩家022,5,平,47
2026-03-04,深夜桌游局,玩家004,5,平,47
2026-03-04,深夜桌游局,玩家024,5,负,47
2026-03-04,深夜桌游局,玩家038,5,负,47
2026-03-04,深夜桌游局,玩家042,5,平,47
2026-03-04,深夜桌游局,玩家017,5,胜,50
2026-03-04,深夜桌游局,玩家016,5,平,50
2026-03-04,深夜桌游局,玩家022,5,平,50
2026-03-04,深夜桌游局,玩家024,5,负,50
2026-03-04,深夜桌游局,玩家047,5,负,50
2026-03-04,深夜桌游局,玩家038,5,负,50
2026-03-04,深夜桌游局,玩家042,5,负,50
2026-03-04,深夜桌游局,玩家020,5,胜,50
2026-03-04,深夜桌游局,玩家037,2,胜,34
2026-03-04,深夜桌游局,玩家008,2,胜,34
2026-03-04,深夜桌游局,玩家038,2,胜,34
2026-03-04,深夜桌游局,玩家004,2,胜,34
2026-03-04,深夜桌游局,玩家047,2,负,34
2026-03-04,深夜桌游局,玩家042,2,负,34
2026-03-04,深夜桌游局,玩家020,2,负,34
2026-03-04,深夜桌游局,玩家017,5,负,23
2026-03-04,深夜桌游局,玩家004,5,负,23
2026-03-04,深夜桌游局,玩家022,5,平,23
2026-03-04,深夜桌游局,玩家047,5,平,23
2026-03-04,深夜桌游局,玩家038,5,胜,23
2026-03-04,深夜桌游局,玩家042,5,平,23
2026-03-04,深夜桌游局,玩家020,5,胜,23
2026-03-04,深夜桌游局,玩家022,4,负,28
2026-03-04,深夜桌游局,玩家020,4,负,28
2026-03-04,深夜桌游局,玩家001,4,平,28
2026-03-04,深夜桌游局,玩家037,4,平,28
2026-03-05,桌游嘉年华,玩家039,4,平,86
2026-03-05,桌游嘉年华,玩家031,4,平,86
2026-03-05,桌游嘉年华,玩家024,4,平,86
2026-03-05,桌游嘉年华,玩家027,4,负,86
2026-03-05,桌游嘉年华,玩家036,4,负,86
2026-03-05,桌游嘉年华,玩家010,1,平,115
2026-03-05,桌游嘉年华,玩家036,1,胜,115
2026-03-05,桌游嘉年华,玩家030,1,负,115
2026-03-05,桌游嘉年华,玩家027,1,胜,115
2026-03-05,桌游嘉年华,玩家039,1,胜,115
2026-03-06,深夜桌游局,玩家036,2,负,27
2026-03-06,深夜桌游局,玩家049,2,平,27
2026-03-06,深夜桌游局,玩家013,2,负,27
2026-03-06,深夜桌游局,玩家048,2,平,27
2026-03-06,深夜桌游局,玩家010,2,胜,27
2026-03-06,深夜桌游局,玩家013,3,负,111
2026-03-06,深夜桌游局,玩家049,3,负,111
2026-03-06,深夜桌游局,玩家011,3,胜,111
2026-03-06,深夜桌游局,玩家004,3,平,111
2026-03-06,深夜桌游局,玩家036,3,平,111
2026-03-06,深夜桌游局,玩家008,3,胜,111
2026-03-06,深夜桌游局,玩家033,3,平,111
2026-03-06,深夜桌游局,玩家029,3,平,111
2026-03-06,桌游嘉年华,玩家031,2,胜,107
2026-03-06,桌游嘉年华,玩家023,2,平,107
2026-03-06,桌游嘉年华,玩家005,2,胜,107
2026-03-06,桌游嘉年华,玩家003,2,负,107
2026-03-06,桌游嘉年华,玩家028,2,负,107
2026-03-06,桌游嘉年华,玩家017,2,胜,107
2026-03-06,桌游嘉年华,玩家005,4,平,76
2026-03-06,桌游嘉年华,玩家047,4,负,76
2026-03-06,桌游嘉年华,玩家014,4,平,76
2026-03-06,桌游嘉年华,玩家026,4,负,76
2026-03-06,桌游嘉年华,玩家002,4,胜,76
2026-03-06,桌游嘉年华,玩家037,4,负,76
2026-03-07,深夜桌游局,玩家016,4,平,40
2026-03-07,深夜桌游局,玩家043,4,负,40
2026-03-07,深夜桌游局,玩家023,4,平,40
2026-03-07,深夜桌游局,玩家002,4,胜,40
2026-03-07,深夜桌游局,玩家025,4,负,40
2026-03-07,深夜桌游局,玩家020,4,负,40
2026-03-07,深夜桌游局,玩家009,4,平,40
2026-03-07,深夜桌游局,玩家043,5,胜,102
2026-03-07,深夜桌游局,玩家025,5,平,102
2026-03-07,深夜桌游局,玩家034,5,负,102
2026-03-07,深夜桌游局,玩家048,5,平,102
2026-03-07,深夜桌游局,玩家016,5,胜,102
2026-03-07,深夜桌游局,玩家042,5,胜,102
2026-03-07,卡牌对战赛,玩家003,2,平,86
2026-03-07,卡牌对战赛,玩家016,2,平,86
2026-03-07,卡牌对战赛,玩家026,2,胜,86
2026-03-07,卡牌对战赛,玩家029,2,平,86
2026-03-07,卡牌对战赛,玩家048,2,平,86
2026-03-07,卡牌对战赛,玩家026,4,平,42
2026-03-07,卡牌对战赛,玩家029,4,平,42
2026-03-07,卡牌对战赛,玩家003,4,负,42
2026-03-07,卡牌对战赛,玩家016,4,负,42
2026-03-07,卡牌对战赛,玩家048,4,胜,42
2026-03-07,卡牌对战赛,玩家003,1,胜,22
2026-03-07,卡牌对战赛,玩家048,1,平,22
2026-03-07,卡牌对战赛,玩家026,1,平,22
2026-03-07,卡牌对战赛,玩家029,1,平,22
2026-03-07,卡牌对战赛,玩家016,1,平,22
2026-03-07,卡牌对战赛,玩家026,2,负,26
2026-03-07,卡牌对战赛,玩家048,2,平,26
2026-03-07,卡牌对战赛,玩家029,2,负,26
2026-03-07,卡牌对战赛,玩家016,2,平,26
2026-03-07,卡牌对战赛,玩家016,3,平,111
2026-03-07,卡牌对战赛,玩家003,3,负,111
2026-03-07,卡牌对战赛,玩家029,3,负,111
2026-03-07,卡牌对战赛,玩家026,3,平,111
2026-03-07,卡牌对战赛,玩家048,3,负,111
2026-03-08,深夜桌游局,玩家039,2,负,36
2026-03-08,深夜桌游局,玩家016,2,胜,36
2026-03-08,深夜桌游局,玩家020,2,平,36
2026-03-08,深夜桌游局,玩家018,2,胜,36
2026-03-08,深夜桌游局,玩家049,2,负,36
2026-03-08,深夜桌游局,玩家048,2,负,99
2026-03-08,深夜桌游局,玩家027,2,胜,99
2026-03-08,深夜桌游局,玩家021,2,负,99
2026-03-08,深夜桌游局,玩家019,2,平,99
2026-03-08,深夜桌游局,玩家020,2,平,99
2026-03-08,深夜桌游局,玩家012,2,平,99
2026-03-08,深夜桌游局,玩家037,2,负,99
2026-03-09,周末欢乐局,玩家025,1,负,110
2026-03-09,周末欢乐局,玩家029,1,平,110
2026-03-09,周末欢乐局,玩家024,1,平,110
2026-03-09,周末欢乐局,玩家017,1,负,110
2026-03-09,周末欢乐局,玩家004,1,胜,110
2026-03-09,周末欢乐局,玩家009,1,胜,110
2026-03-09,周末欢乐局,玩家035,1,平,110
2026-03-09,周末欢乐局,玩家029,1,平,97
2026-03-09,周末欢乐局,玩家014,1,平,97
2026-03-09,周末欢乐局,玩家004,1,平,97
2026-03-09,周末欢乐局,玩家016,1,平,97
2026-03-10,策略桌游会,玩家024,1,平,36
2026-03-10,策略桌游会,玩家035,1,胜,36
2026-03-10,策略桌游会,玩家019,1,平,36
2026-03-10,策略桌游会,玩家033,1,胜,36
2026-03-10,策略桌游会,玩家025,1,负,36
2026-03-10,策略桌游会,玩家026,1,胜,36
2026-03-10,策略桌游会,玩家025,5,胜,75
2026-03-10,策略桌游会,玩家020,5,负,75
2026-03-10,策略桌游会,玩家014,5,胜,75
2026-03-10,策略桌游会,玩家039,5,负,75
2026-03-10,策略桌游会,玩家026,5,胜,75
2026-03-10,策略桌游会,玩家030,5,胜,75
2026-03-10,策略桌游会,玩家021,5,负,75
2026-03-10,家庭桌游日,玩家037,3,平,60
2026-03-10,家庭桌游日,玩家015,3,负,60
2026-03-10,家庭桌游日,玩家036,3,胜,60
2026-03-10,家庭桌游日,玩家032,3,平,60
2026-03-10,家庭桌游日,玩家016,3,平,60
2026-03-10,家庭桌游日,玩家022,3,平,60
2026-03-10,家庭桌游日,玩家013,3,负,60
2026-03-10,家庭桌游日,玩家015,1,负,80
2026-03-10,家庭桌游日,玩家013,1,胜,80
2026-03-10,家庭桌游日,玩家022,1,平,80
2026-03-10,家庭桌游日,玩家016,1,负,80
2026-03-10,家庭桌游日,玩家032,1,负,80
2026-03-10,家庭桌游日,玩家013,1,平,34
2026-03-10,家庭桌游日,玩家025,1,胜,34
2026-03-10,家庭桌游日,玩家015,1,胜,34
2026-03-10,家庭桌游日,玩家037,1,负,34
2026-03-10,家庭桌游日,玩家032,1,胜,34
2026-03-10,家庭桌游日,玩家022,1,胜,34
2026-03-10,家庭桌游日,玩家016,1,负,34
2026-03-10,家庭桌游日,玩家037,2,胜,94
2026-03-10,家庭桌游日,玩家036,2,平,94
2026-03-10,家庭桌游日,玩家016,2,平,94
2026-03-10,家庭桌游日,玩家032,2,胜,94
2026-03-10,家庭桌游日,玩家022,2,负,94
2026-03-11,三国杀争霸,玩家035,2,胜,95
2026-03-11,三国杀争霸,玩家032,2,负,95
2026-03-11,三国杀争霸,玩家047,2,胜,95
2026-03-11,三国杀争霸,玩家004,2,胜,95
2026-03-11,三国杀争霸,玩家042,2,胜,95
2026-03-11,三国杀争霸,玩家034,2,负,95
2026-03-11,三国杀争霸,玩家049,2,平,95
2026-03-11,三国杀争霸,玩家049,4,平,61
2026-03-11,三国杀争霸,玩家034,4,平,61
2026-03-11,三国杀争霸,玩家042,4,平,61
2026-03-11,三国杀争霸,玩家047,4,胜,61
2026-03-11,三国杀争霸,玩家032,4,胜,61
2026-03-11,三国杀争霸,玩家004,4,胜,61
2026-03-11,三国杀争霸,玩家035,4,平,61
2026-03-11,新手教学日,玩家014,3,负,31
2026-03-11,新手教学日,玩家024,3,负,31
2026-03-11,新手教学日,玩家040,3,胜,31
2026-03-11,新手教学日,玩家030,3,胜,31
2026-03-11,新手教学日,玩家001,4,负,69
2026-03-11,新手教学日,玩家040,4,负,69
2026-03-11,新手教学日,玩家014,4,平,69
2026-03-11,新手教学日,玩家004,4,平,69
2026-03-11,新手教学日,玩家024,2,平,107
2026-03-11,新手教学日,玩家030,2,胜,107
2026-03-11,新手教学日,玩家040,2,负,107
2026-03-11,新手教学日,玩家033,2,平,107
2026-03-11,新手教学日,玩家030,1,平,92
2026-03-11,新手教学日,玩家041,1,负,92
2026-03-11,新手教学日,玩家040,1,胜,92
2026-03-11,新手教学日,玩家004,1,负,92
2026-03-11,新手教学日,玩家024,1,负,92
2026-03-11,新手教学日,玩家014,1,平,92
2026-03-12,三国杀争霸,玩家002,4,胜,106
2026-03-12,三国杀争霸,玩家018,4,平,106
2026-03-12,三国杀争霸,玩家034,4,平,106
2026-03-12,三国杀争霸,玩家047,4,平,106
2026-03-12,三国杀争霸,玩家002,2,负,30
2026-03-12,三国杀争霸,玩家034,2,负,30
2026-03-12,三国杀争霸,玩家047,2,胜,30
2026-03-12,三国杀争霸,玩家018,2,胜,30
2026-03-12,三国杀争霸,玩家018,3,平,25
2026-03-12,三国杀争霸,玩家034,3,胜,25
2026-03-12,三国杀争霸,玩家002,3,平,25
2026-03-12,三国杀争霸,玩家047,3,负,25
2026-03-13,狼人杀之夜,玩家047,1,平,34
2026-03-13,狼人杀之夜,玩家018,1,平,34
2026-03-13,狼人杀之夜,玩家010,1,负,34
2026-03-13,狼人杀之夜,玩家017,1,胜,34
2026-03-13,狼人杀之夜,玩家007,1,胜,34
2026-03-13,狼人杀之夜,玩家030,1,负,34
2026-03-13,狼人杀之夜,玩家012,1,胜,34
2026-03-13,狼人杀之夜,玩家017,1,负,99
2026-03-13,狼人杀之夜,玩家023,1,负,99
2026-03-13,狼人杀之夜,玩家030,1,胜,99
2026-03-13,狼人杀之夜,玩家018,1,胜,99
2026-03-13,狼人杀之夜,玩家040,1,胜,99
2026-03-13,狼人杀之夜,玩家038,1,胜,99
2026-03-13,狼人杀之夜,玩家026,1,平,99
2026-03-13,狼人杀之夜,玩家034,5,胜,34
2026-03-13,狼人杀之夜,玩家006,5,胜,34
2026-03-13,狼人杀之夜,玩家047,5,平,34
2026-03-13,狼人杀之夜,玩家012,5,负,34
2026-03-13,狼人杀之夜,玩家038,5,负,34
2026-03-13,狼人杀之夜,玩家013,5,平,34
2026-03-13,狼人杀之夜,玩家038,4,胜,58
2026-03-13,狼人杀之夜,玩家017,4,胜,58
2026-03-13,狼人杀之夜,玩家030,4,胜,58
2026-03-13,狼人杀之夜,玩家006,4,胜,58
2026-03-13,狼人杀之夜,玩家024,4,胜,58
2026-03-13,狼人杀之夜,玩家016,4,胜,58
2026-03-13,狼人杀之夜,玩家023,4,胜,58
2026-03-13,狼人杀之夜,玩家013,4,平,58
2026-03-13,狼人杀之夜,玩家013,2,胜,103
2026-03-13,狼人杀之夜,玩家038,2,负,103
2026-03-13,狼人杀之夜,玩家023,2,平,103
2026-03-13,狼人杀之夜,玩家049,2,平,103
2026-03-13,深夜桌游局,玩家035,1,胜,41
2026-03-13,深夜桌游局,玩家034,1,平,41
2026-03-13,深夜桌游局,玩家014,1,平,41
2026-03-13,深夜桌游局,玩家015,1,负,41
2026-03-13,深夜桌游局,玩家042,1,负,41
2026-03-13,深夜桌游局,玩家022,1,负,41
2026-03-13,深夜桌游局,玩家014,1,胜,21
2026-03-13,深夜桌游局,玩家015,1,平,21
2026-03-13,深夜桌游局,玩家034,1,平,21
2026-03-13,深夜桌游局,玩家031,1,负,21
2026-03-13,深夜桌游局,玩家039,1,负,21
2026-03-13,深夜桌游局,玩家042,1,负,21
2026-03-13,深夜桌游局,玩家003,1,平,21
2026-03-13,深夜桌游局,玩家031,5,负,106
2026-03-13,深夜桌游局,玩家022,5,胜,106
2026-03-13,深夜桌游局,玩家014,5,平,106
2026-03-13,深夜桌游局,玩家015,5,胜,106
2026-03-13,深夜桌游局,玩家035,5,平,106
2026-03-13,深夜桌游局,玩家048,5,胜,106
2026-03-13,深夜桌游局,玩家012,5,负,106
2026-03-13,深夜桌游局,玩家018,5,平,106
2026-03-14,节日特别场,玩家023,5,平,83
2026-03-14,节日特别场,玩家004,5,平,83
2026-03-14,节日特别场,玩家007,5,负,83
2026-03-14,节日特别场,玩家033,5,负,83
2026-03-14,节日特别场,玩家048,4,负,64
2026-03-14,节日特别场,玩家023,4,胜,64
2026-03-14,节日特别场,玩家028,4,平,64
2026-03-14,节日特别场,玩家004,4,胜,64
2026-03-14,节日特别场,玩家007,5,平,106
2026-03-14,节日特别场,玩家004,5,平,106
2026-03-14,节日特别场,玩家048,5,负,106
2026-03-14,节日特别场,玩家028,5,负,106
2026-03-14,节日特别场,玩家023,5,胜,106
2026-03-14,节日特别场,玩家033,5,平,106
2026-03-14,节日特别场,玩家028,2,平,40
2026-03-14,节日特别场,玩家033,2,负,40
2026-03-14,节日特别场,玩家004,2,胜,40
2026-03-14,节日特别场,玩家007,2,负,40
2026-03-14,节日特别场,玩家023,2,负,40
2026-03-14,节日特别场,玩家048,2,负,40
2026-03-15,狼人杀之夜,玩家021,2,胜,84
2026-03-15,狼人杀之夜,玩家050,2,胜,84
2026-03-15,狼人杀之夜,玩家029,2,负,84
2026-03-15,狼人杀之夜,玩家018,2,负,84
2026-03-15,狼人杀之夜,玩家040,2,胜,84
2026-03-15,狼人杀之夜,玩家025,2,平,84
2026-03-15,狼人杀之夜,玩家002,2,胜,84
2026-03-15,狼人杀之夜,玩家036,2,胜,84
2026-03-15,狼人杀之夜,玩家019,5,胜,118
2026-03-15,狼人杀之夜,玩家018,5,平,118
2026-03-15,狼人杀之夜,玩家029,5,负,118
2026-03-15,狼人杀之夜,玩家012,5,胜,118
2026-03-15,狼人杀之夜,玩家040,5,平,118
2026-03-15,狼人杀之夜,玩家041,5,胜,91
2026-03-15,狼人杀之夜,玩家028,5,平,91
2026-03-15,狼人杀之夜,玩家050,5,胜,91
2026-03-15,狼人杀之夜,玩家015,5,胜,91
2026-03-15,狼人杀之夜,玩家012,5,平,91
2026-03-15,狼人杀之夜,玩家021,5,胜,91
2026-03-15,狼人杀之夜,玩家025,5,胜,91
2026-03-15,狼人杀之夜,玩家036,5,负,91
2026-03-16,狼人杀之夜,玩家033,3,胜,35
2026-03-16,狼人杀之夜,玩家044,3,负,35
2026-03-16,狼人杀之夜,玩家009,3,负,35
2026-03-16,狼人杀之夜,玩家006,3,胜,35
2026-03-16,狼人杀之夜,玩家029,3,胜,35
2026-03-16,狼人杀之夜,玩家002,3,负,35
2026-03-16,狼人杀之夜,玩家027,3,负,35
2026-03-16,狼人杀之夜,玩家006,3,平,39
2026-03-16,狼人杀之夜,玩家009,3,负,39
2026-03-16,狼人杀之夜,玩家028,3,胜,39
2026-03-16,狼人杀之夜,玩家029,3,胜,39
2026-03-16,狼人杀之夜,玩家036,3,负,39
2026-03-16,狼人杀之夜,玩家002,3,负,39
2026-03-16,狼人杀之夜,玩家033,3,负,39
2026-03-16,狼人杀之夜,玩家050,3,负,39
2026-03-16,狼人杀之夜,玩家007,5,负,63
2026-03-16,狼人杀之夜,玩家044,5,负,63
2026-03-16,狼人杀之夜,玩家006,5,胜,63
2026-03-16,狼人杀之夜,玩家002,5,负,63
2026-03-16,狼人杀之夜,玩家009,5,胜,63
2026-03-16,狼人杀之夜,玩家033,5,负,63
2026-03-17,三国杀争霸,玩家047,2,平,112
2026-03-17,三国杀争霸,玩家034,2,负,112
2026-03-17,三国杀争霸,玩家016,2,负,112
2026-03-17,三国杀争霸,玩家036,2,胜,112
2026-03-17,三国杀争霸,玩家037,2,负,112
2026-03-17,三国杀争霸,玩家011,2,平,112
2026-03-17,三国杀争霸,玩家011,5,平,89
2026-03-17,三国杀争霸,玩家037,5,平,89
2026-03-17,三国杀争霸,玩家034,5,平,89
2026-03-17,三国杀争霸,玩家016,5,负,89
2026-03-17,三国杀争霸,玩家047,5,平,89
2026-03-18,策略桌游会,玩家024,4,平,112
2026-03-18,策略桌游会,玩家011,4,平,112
2026-03-18,策略桌游会,玩家005,4,胜,112
2026-03-18,策略桌游会,玩家017,4,平,112
2026-03-18,策略桌游会,玩家020,4,平,112
2026-03-18,策略桌游会,玩家011,3,胜,101
2026-03-18,策略桌游会,玩家009,3,胜,101
2026-03-18,策略桌游会,玩家024,3,胜,101
2026-03-18,策略桌游会,玩家017,3,平,101
2026-03-18,策略桌游会,玩家032,3,平,101
2026-03-18,策略桌游会,玩家024,3,负,27
2026-03-18,策略桌游会,玩家013,3,负,27
2026-03-18,策略桌游会,玩家009,3,平,27
2026-03-18,策略桌游会,玩家028,3,平,27
2026-03-18,策略桌游会,玩家016,3,负,27
2026-03-18,策略桌游会,玩家028,1,负,78
2026-03-18,策略桌游会,玩家030,1,胜,78
2026-03-18,策略桌游会,玩家024,1,平,78
2026-03-18,策略桌游会,玩家010,1,平,78
2026-03-19,深夜桌游局,玩家032,5,胜,51
2026-03-19,深夜桌游局,玩家016,5,负,51
2026-03-19,深夜桌游局,玩家037,5,平,51
2026-03-19,深夜桌游局,玩家024,5,平,51
2026-03-19,深夜桌游局,玩家041,5,胜,51
2026-03-19,深夜桌游局,玩家021,5,负,51
2026-03-19,深夜桌游局,玩家026,5,负,51
2026-03-19,深夜桌游局,玩家008,5,胜,51
2026-03-19,深夜桌游局,玩家021,2,负,47
2026-03-19,深夜桌游局,玩家045,2,胜,47
2026-03-19,深夜桌游局,玩家008,2,负,47
2026-03-19,深夜桌游局,玩家048,2,平,47
2026-03-19,深夜桌游局,玩家046,2,平,47
2026-03-19,深夜桌游局,玩家041,2,负,47
2026-03-19,深夜桌游局,玩家032,2,平,47
2026-03-19,深夜桌游局,玩家046,5,平,82
2026-03-19,深夜桌游局,玩家021,5,负,82
2026-03-19,深夜桌游局,玩家037,5,胜,82
2026-03-19,深夜桌游局,玩家026,5,胜,82
2026-03-19,深夜桌游局,玩家025,5,平,82
2026-03-19,深夜桌游局,玩家008,5,胜,82
2026-03-19,深夜桌游局,玩家032,5,负,82
2026-03-19,深夜桌游局,玩家016,5,平,82
2026-03-19,深夜桌游局,玩家008,4,负,78
2026-03-19,深夜桌游局,玩家018,4,胜,78
2026-03-19,深夜桌游局,玩家046,4,平,78
2026-03-19,深夜桌游局,玩家045,4,胜,78
2026-03-19,深夜桌游局,玩家032,4,平,78
2026-03-19,深夜桌游局,玩家026,3,平,67
2026-03-19,深夜桌游局,玩家021,3,负,67
2026-03-19,深夜桌游局,玩家045,3,胜,67
2026-03-19,深夜桌游局,玩家024,3,平,67
2026-03-19,深夜桌游局,玩家016,2,负,57
2026-03-19,深夜桌游局,玩家037,2,胜,57
2026-03-19,深夜桌游局,玩家046,2,胜,57
2026-03-19,深夜桌游局,玩家008,2,胜,57
2026-03-20,周末欢乐局,玩家043,4,负,114
2026-03-20,周末欢乐局,玩家016,4,胜,114
2026-03-20,周末欢乐局,玩家020,4,胜,114
2026-03-20,周末欢乐局,玩家010,4,平,114
2026-03-20,周末欢乐局,玩家041,3,平,59
2026-03-20,周末欢乐局,玩家017,3,负,59
2026-03-20,周末欢乐局,玩家028,3,负,59
2026-03-20,周末欢乐局,玩家043,3,负,59
2026-03-20,周末欢乐局,玩家016,4,负,113
2026-03-20,周末欢乐局,玩家028,4,胜,113
2026-03-20,周末欢乐局,玩家020,4,平,113
2026-03-20,周末欢乐局,玩家043,4,平,113
2026-03-20,周末欢乐局,玩家017,4,平,113
2026-03-20,周末欢乐局,玩家010,4,负,113
2026-03-20,周末欢乐局,玩家025,4,负,113
2026-03-20,周末欢乐局,玩家041,4,胜,113
2026-03-20,周末欢乐局,玩家041,4,胜,110
2026-03-20,周末欢乐局,玩家010,4,平,110
2026-03-20,周末欢乐局,玩家017,4,平,110
2026-03-20,周末欢乐局,玩家016,4,平,110
2026-03-20,周末欢乐局,玩家025,4,负,110
2026-03-20,周末欢乐局,玩家028,4,平,110
2026-03-20,周末欢乐局,玩家020,1,胜,84
2026-03-20,周末欢乐局,玩家025,1,胜,84
2026-03-20,周末欢乐局,玩家043,1,平,84
2026-03-20,周末欢乐局,玩家010,1,平,84
2026-03-20,周末欢乐局,玩家041,1,胜,84
2026-03-20,周末欢乐局,玩家016,1,胜,84
2026-03-20,周末欢乐局,玩家017,1,负,84
2026-03-20,周末欢乐局,玩家028,1,胜,84
2026-03-20,周末欢乐局,玩家025,2,负,22
2026-03-20,周末欢乐局,玩家041,2,负,22
2026-03-20,周末欢乐局,玩家043,2,胜,22
2026-03-20,周末欢乐局,玩家010,2,负,22
2026-03-20,周末欢乐局,玩家016,2,胜,22
2026-03-20,周末欢乐局,玩家020,2,平,22
2026-03-20,周末欢乐局,玩家028,2,负,22
2026-03-20,周末欢乐局,玩家017,2,负,22
2026-03-21,新手教学日,玩家045,1,负,43
2026-03-21,新手教学日,玩家039,1,胜,43
2026-03-21,新手教学日,玩家050,1,胜,43
2026-03-21,新手教学日,玩家024,1,负,43
2026-03-21,新手教学日,玩家003,4,负,27
2026-03-21,新手教学日,玩家023,4,负,27
2026-03-21,新手教学日,玩家024,4,胜,27
2026-03-21,新手教学日,玩家035,4,负,27
2026-03-21,新手教学日,玩家011,4,胜,27
2026-03-21,新手教学日,玩家007,4,平,50
2026-03-21,新手教学日,玩家049,4,平,50
2026-03-21,新手教学日,玩家037,4,胜,50
2026-03-21,新手教学日,玩家003,4,负,50
2026-03-21,新手教学日,玩家035,4,平,50
2026-03-21,新手教学日,玩家045,4,平,50
2026-03-21,新手教学日,玩家007,4,负,90
2026-03-21,新手教学日,玩家003,4,胜,90
2026-03-21,新手教学日,玩家039,4,负,90
2026-03-21,新手教学日,玩家006,4,胜,90
2026-03-21,深夜桌游局,玩家019,2,平,51
2026-03-21,深夜桌游局,玩家008,2,平,51
2026-03-21,深夜桌游局,玩家006,2,胜,51
2026-03-21,深夜桌游局,玩家023,2,负,51
2026-03-21,深夜桌游局,玩家008,5,胜,89
2026-03-21,深夜桌游局,玩家023,5,胜,89
2026-03-21,深夜桌游局,玩家027,5,平,89
2026-03-21,深夜桌游局,玩家019,5,负,89
2026-03-21,深夜桌游局,玩家002,5,平,89
2026-03-21,深夜桌游局,玩家006,5,负,89
2026-03-21,深夜桌游局,玩家007,5,胜,89
2026-03-21,深夜桌游局,玩家019,1,负,96
2026-03-21,深夜桌游局,玩家027,1,平,96
2026-03-21,深夜桌游局,玩家002,1,负,96
2026-03-21,深夜桌游局,玩家023,1,负,96
2026-03-21,深夜桌游局,玩家008,1,平,96
2026-03-21,深夜桌游局,玩家006,1,胜,96
2026-03-21,深夜桌游局,玩家031,1,平,96
2026-03-21,深夜桌游局,玩家023,5,负,31
2026-03-21,深夜桌游局,玩家002,5,平,31
2026-03-21,深夜桌游局,玩家027,5,胜,31
2026-03-21,深夜桌游局,玩家019,5,胜,31
2026-03-21,深夜桌游局,玩家008,5,平,31
2026-03-21,深夜桌游局,玩家006,5,平,31
2026-03-21,深夜桌游局,玩家007,3,平,116
2026-03-21,深夜桌游局,玩家019,3,负,116
2026-03-21,深夜桌游局,玩家006,3,负,116
2026-03-21,深夜桌游局,玩家031,3,胜,116
2026-03-21,深夜桌游局,玩家027,3,平,116
2026-03-21,深夜桌游局,玩家008,3,负,116
2026-03-21,深夜桌游局,玩家002,3,负,116
2026-03-22,节日特别场,玩家048,4,平,21
2026-03-22,节日特别场,玩家031,4,胜,21
2026-03-22,节日特别场,玩家002,4,负,21
2026-03-22,节日特别场,玩家029,4,平,21
2026-03-22,节日特别场,玩家008,4,平,21
2026-03-22,节日特别场,玩家049,4,平,21
2026-03-22,节日特别场,玩家005,4,负,21
2026-03-22,节日特别场,玩家003,4,负,21
2026-03-22,节日特别场,玩家022,5,胜,88
2026-03-22,节日特别场,玩家008,5,平,88
2026-03-22,节日特别场,玩家049,5,负,88
2026-03-22,节日特别场,玩家007,5,平,88
2026-03-22,节日特别场,玩家049,1,平,118
2026-03-22,节日特别场,玩家021,1,胜,118
2026-03-22,节日特别场,玩家003,1,胜,118
2026-03-22,节日特别场,玩家048,1,负,118
2026-03-22,节日特别场,玩家011,1,负,118
2026-03-22,节日特别场,玩家029,1,胜,118
2026-03-23,新手教学日,玩家048,1,平,31
2026-03-23,新手教学日,玩家040,1,平,31
2026-03-23,新手教学日,玩家013,1,负,31
2026-03-23,新手教学日,玩家029,1,平,31
2026-03-23,新手教学日,玩家029,2,平,83
2026-03-23,新手教学日,玩家040,2,平,83
2026-03-23,新手教学日,玩家048,2,平,83
2026-03-23,新手教学日,玩家013,2,胜,83
2026-03-23,新手教学日,玩家029,1,平,41
2026-03-23,新手教学日,玩家048,1,胜,41
2026-03-23,新手教学日,玩家040,1,平,41
2026-03-23,新手教学日,玩家013,1,平,41
2026-03-23,新手教学日,玩家040,5,负,36
2026-03-23,新手教学日,玩家048,5,平,36
2026-03-23,新手教学日,玩家013,5,胜,36
2026-03-23,新手教学日,玩家029,5,平,36
2026-03-23,新手教学日,玩家048,3,负,20
2026-03-23,新手教学日,玩家013,3,平,20
2026-03-23,新手教学日,玩家040,3,平,20
2026-03-23,新手教学日,玩家029,3,平,20
2026-03-23,家庭桌游日,玩家035,3,平,66
2026-03-23,家庭桌游日,玩家037,3,胜,66
2026-03-23,家庭桌游日,玩家018,3,平,66
2026-03-23,家庭桌游日,玩家007,3,胜,66
2026-03-23,家庭桌游日,玩家024,3,胜,66
2026-03-23,家庭桌游日,玩家005,3,负,66
2026-03-23,家庭桌游日,玩家021,3,负,66
2026-03-23,家庭桌游日,玩家007,5,胜,114
2026-03-23,家庭桌游日,玩家014,5,平,114
2026-03-23,家庭桌游日,玩家035,5,负,114
2026-03-23,家庭桌游日,玩家018,5,胜,114
2026-03-23,家庭桌游日,玩家046,5,胜,114
2026-03-23,家庭桌游日,玩家024,5,胜,114
2026-03-23,家庭桌游日,玩家037,5,胜,114
2026-03-24,新手教学日,玩家048,3,平,23
2026-03-24,新手教学日,玩家038,3,平,23
2026-03-24,新手教学日,玩家020,3,负,23
2026-03-24,新手教学日,玩家012,3,负,23
2026-03-24,新手教学日,玩家043,2,平,62
2026-03-24,新手教学日,玩家048,2,胜,62
2026-03-24,新手教学日,玩家040,2,胜,62
2026-03-24,新手教学日,玩家038,2,平,62
2026-03-24,新手教学日,玩家048,5,负,24
2026-03-24,新手教学日,玩家006,5,负,24
2026-03-24,新手教学日,玩家020,5,平,24
2026-03-24,新手教学日,玩家050,5,胜,24
2026-03-24,新手教学日,玩家008,5,胜,24
2026-03-24,新手教学日,玩家009,5,胜,24
2026-03-24,新手教学日,玩家038,5,负,24
2026-03-24,新手教学日,玩家049,1,负,26
2026-03-24,新手教学日,玩家008,1,负,26
2026-03-24,新手教学日,玩家016,1,负,26
2026-03-24,新手教学日,玩家006,1,胜,26
2026-03-24,新手教学日,玩家038,1,平,26
2026-03-24,新手教学日,玩家045,1,负,26
2026-03-24,三国杀争霸,玩家032,5,平,78
2026-03-24,三国杀争霸,玩家004,5,负,78
2026-03-24,三国杀争霸,玩家012,5,平,78
2026-03-24,三国杀争霸,玩家040,5,胜,78
2026-03-24,三国杀争霸,玩家029,5,胜,78
2026-03-24,三国杀争霸,玩家023,5,胜,78
2026-03-24,三国杀争霸,玩家019,5,胜,78
2026-03-24,三国杀争霸,玩家021,5,平,78
2026-03-24,三国杀争霸,玩家012,1,平,112
2026-03-24,三国杀争霸,玩家009,1,负,112
2026-03-24,三国杀争霸,玩家029,1,胜,112
2026-03-24,三国杀争霸,玩家021,1,胜,112
2026-03-24,三国杀争霸,玩家004,1,胜,112
2026-03-24,三国杀争霸,玩家040,1,胜,112
2026-03-24,三国杀争霸,玩家019,1,胜,112
2026-03-24,三国杀争霸,玩家023,1,胜,112
2026-03-24,三国杀争霸,玩家040,3,平,59
2026-03-24,三国杀争霸,玩家029,3,负,59
2026-03-24,三国杀争霸,玩家009,3,负,59
2026-03-24,三国杀争霸,玩家021,3,负,59
2026-03-24,三国杀争霸,玩家004,3,胜,59
2026-03-24,三国杀争霸,玩家019,3,平,59
2026-03-24,三国杀争霸,玩家032,3,平,59
2026-03-24,三国杀争霸,玩家012,3,平,59
2026-03-25,卡牌对战赛,玩家030,1,胜,45
2026-03-25,卡牌对战赛,玩家047,1,平,45
2026-03-25,卡牌对战赛,玩家046,1,胜,45
2026-03-25,卡牌对战赛,玩家035,1,胜,45
2026-03-25,卡牌对战赛,玩家006,1,负,45
2026-03-25,卡牌对战赛,玩家041,2,负,33
2026-03-25,卡牌对战赛,玩家003,2,胜,33
2026-03-25,卡牌对战赛,玩家047,2,负,33
2026-03-25,卡牌对战赛,玩家019,2,胜,33
2026-03-25,卡牌对战赛,玩家037,2,胜,33
2026-03-25,卡牌对战赛,玩家006,2,平,33
2026-03-25,卡牌对战赛,玩家029,2,胜,33
2026-03-25,卡牌对战赛,玩家037,2,负,46
2026-03-25,卡牌对战赛,玩家002,2,胜,46
2026-03-25,卡牌对战赛,玩家049,2,胜,46
2026-03-25,卡牌对战赛,玩家003,2,负,46
2026-03-25,卡牌对战赛,玩家042,2,胜,46
2026-03-25,卡牌对战赛,玩家018,2,胜,46
2026-03-25,卡牌对战赛,玩家008,2,负,46
2026-03-26,卡牌对战赛,玩家045,5,平,100
2026-03-26,卡牌对战赛,玩家011,5,负,100
2026-03-26,卡牌对战赛,玩家004,5,胜,100
2026-03-26,卡牌对战赛,玩家038,5,胜,100
2026-03-26,卡牌对战赛,玩家011,2,胜,112
2026-03-26,卡牌对战赛,玩家023,2,负,112
2026-03-26,卡牌对战赛,玩家041,2,平,112
2026-03-26,卡牌对战赛,玩家004,2,胜,112
2026-03-26,卡牌对战赛,玩家045,2,胜,112
2026-03-26,节日特别场,玩家005,1,胜,103
2026-03-26,节日特别场,玩家018,1,负,103
2026-03-26,节日特别场,玩家010,1,胜,103
2026-03-26,节日特别场,玩家048,1,负,103
2026-03-26,节日特别场,玩家025,1,负,103
2026-03-26,节日特别场,玩家026,2,胜,28
2026-03-26,节日特别场,玩家027,2,胜,28
2026-03-26,节日特别场,玩家032,2,胜,28
2026-03-26,节日特别场,玩家047,2,胜,28
2026-03-26,节日特别场,玩家024,2,胜,28
2026-03-26,节日特别场,玩家001,2,平,28
2026-03-26,节日特别场,玩家006,4,胜,95
2026-03-26,节日特别场,玩家047,4,平,95
2026-03-26,节日特别场,玩家029,4,负,95
2026-03-26,节日特别场,玩家037,4,胜,95
2026-03-26,节日特别场,玩家033,4,负,95
2026-03-26,节日特别场,玩家046,4,胜,95
2026-03-27,狼人杀之夜,玩家028,3,胜,113
2026-03-27,狼人杀之夜,玩家008,3,负,113
2026-03-27,狼人杀之夜,玩家011,3,平,113
2026-03-27,狼人杀之夜,玩家002,3,平,113
2026-03-27,狼人杀之夜,玩家003,3,胜,113
2026-03-27,狼人杀之夜,玩家030,2,平,61
2026-03-27,狼人杀之夜,玩家001,2,负,61
2026-03-27,狼人杀之夜,玩家029,2,平,61
2026-03-27,狼人杀之夜,玩家008,2,平,61
2026-03-27,狼人杀之夜,玩家041,2,负,61
2026-03-27,狼人杀之夜,玩家002,2,平,61
2026-03-27,狼人杀之夜,玩家050,2,负,61
2026-03-27,狼人杀之夜,玩家049,2,负,61
2026-03-27,三国杀争霸,玩家038,5,负,50
2026-03-27,三国杀争霸,玩家009,5,胜,50
2026-03-27,三国杀争霸,玩家028,5,负,50
2026-03-27,三国杀争霸,玩家046,5,负,50
2026-03-27,三国杀争霸,玩家042,5,负,50
2026-03-27,三国杀争霸,玩家014,5,平,50
2026-03-27,三国杀争霸,玩家031,5,胜,50
2026-03-27,三国杀争霸,玩家005,3,负,86
2026-03-27,三国杀争霸,玩家042,3,胜,86
2026-03-27,三国杀争霸,玩家006,3,平,86
2026-03-27,三国杀争霸,玩家009,3,胜,86
2026-03-27,三国杀争霸,玩家038,3,负,86
2026-03-27,三国杀争霸,玩家046,3,平,86
2026-03-27,三国杀争霸,玩家014,5,负,83
2026-03-27,三国杀争霸,玩家031,5,负,83
2026-03-27,三国杀争霸,玩家009,5,负,83
2026-03-27,三国杀争霸,玩家038,5,胜,83
2026-03-27,三国杀争霸,玩家046,5,胜,83
2026-03-27,三国杀争霸,玩家006,5,负,83
2026-03-27,三国杀争霸,玩家038,2,平,85
2026-03-27,三国杀争霸,玩家042,2,平,85
2026-03-27,三国杀争霸,玩家001,2,胜,85
2026-03-27,三国杀争霸,玩家009,2,负,85
2026-03-27,三国杀争霸,玩家006,2,胜,85
2026-03-27,三国杀争霸,玩家007,2,胜,85
2026-03-28,卡牌对战赛,玩家025,1,负,62
2026-03-28,卡牌对战赛,玩家009,1,负,62
2026-03-28,卡牌对战赛,玩家007,1,平,62
2026-03-28,卡牌对战赛,玩家021,1,平,62
2026-03-28,卡牌对战赛,玩家006,1,负,62
2026-03-28,卡牌对战赛,玩家020,1,胜,62
2026-03-28,卡牌对战赛,玩家009,5,负,64
2026-03-28,卡牌对战赛,玩家048,5,负,64
2026-03-28,卡牌对战赛,玩家025,5,平,64
2026-03-28,卡牌对战赛,玩家050,5,平,64
2026-03-28,卡牌对战赛,玩家047,5,胜,64
2026-03-29,三国杀争霸,玩家021,5,负,46
2026-03-29,三国杀争霸,玩家008,5,胜,46
2026-03-29,三国杀争霸,玩家014,5,平,46
2026-03-29,三国杀争霸,玩家028,5,平,46
2026-03-29,三国杀争霸,玩家049,5,平,46
2026-03-29,三国杀争霸,玩家023,4,负,46
2026-03-29,三国杀争霸,玩家029,4,负,46
2026-03-29,三国杀争霸,玩家007,4,平,46
2026-03-29,三国杀争霸,玩家049,4,胜,46
2026-03-29,三国杀争霸,玩家014,4,负,46
2026-03-29,三国杀争霸,玩家009,4,胜,46
2026-03-29,三国杀争霸,玩家028,4,平,46
2026-03-29,三国杀争霸,玩家040,2,负,48
2026-03-29,三国杀争霸,玩家018,2,负,48
2026-03-29,三国杀争霸,玩家021,2,平,48
2026-03-29,三国杀争霸,玩家023,2,负,48
2026-03-29,三国杀争霸,玩家007,2,平,48
2026-03-29,三国杀争霸,玩家016,2,平,48
2026-03-29,三国杀争霸,玩家040,3,平,92
2026-03-29,三国杀争霸,玩家044,3,平,92
2026-03-29,三国杀争霸,玩家016,3,平,92
2026-03-29,三国杀争霸,玩家029,3,平,92
2026-03-29,三国杀争霸,玩家049,3,负,92
2026-03-29,三国杀争霸,玩家007,3,负,92
2026-03-29,三国杀争霸,玩家029,2,平,77
2026-03-29,三国杀争霸,玩家021,2,负,77
2026-03-29,三国杀争霸,玩家014,2,胜,77
2026-03-29,三国杀争霸,玩家008,2,胜,77
2026-03-29,三国杀争霸,玩家044,2,胜,77
2026-03-29,三国杀争霸,玩家007,2,平,77
2026-03-29,三国杀争霸,玩家025,2,平,77
2026-03-29,新手教学日,玩家046,1,负,49
2026-03-29,新手教学日,玩家025,1,平,49
2026-03-29,新手教学日,玩家039,1,平,49
2026-03-29,新手教学日,玩家005,1,胜,49
2026-03-29,新手教学日,玩家008,1,负,49
2026-03-29,新手教学日,玩家044,1,胜,49
2026-03-29,新手教学日,玩家041,1,负,49
2026-03-29,新手教学日,玩家032,1,平,49
2026-03-29,新手教学日,玩家021,1,平,36
2026-03-29,新手教学日,玩家037,1,负,36
2026-03-29,新手教学日,玩家050,1,负,36
2026-03-29,新手教学日,玩家039,1,平,36
2026-03-29,新手教学日,玩家008,1,胜,36
2026-03-29,新手教学日,玩家041,4,平,110
2026-03-29,新手教学日,玩家005,4,负,110
2026-03-29,新手教学日,玩家024,4,胜,110
2026-03-29,新手教学日,玩家037,4,平,110
2026-03-29,新手教学日,玩家046,4,平,110
2026-03-30,新手教学日,玩家035,5,胜,77
2026-03-30,新手教学日,玩家020,5,负,77
2026-03-30,新手教学日,玩家006,5,平,77
2026-03-30,新手教学日,玩家018,5,胜,77
2026-03-30,新手教学日,玩家014,5,平,77
2026-03-30,新手教学日,玩家035,3,负,102
2026-03-30,新手教学日,玩家049,3,负,102
2026-03-30,新手教学日,玩家010,3,平,102
2026-03-30,新手教学日,玩家033,3,平,102
2026-03-30,新手教学日,玩家018,3,负,102
2026-03-30,新手教学日,玩家020,3,负,102
2026-03-30,新手教学日,玩家014,3,平,102
2026-03-30,新手教学日,玩家006,3,胜,102
2026-03-30,新手教学日,玩家020,4,平,69
2026-03-30,新手教学日,玩家033,4,胜,69
2026-03-30,新手教学日,玩家014,4,平,69
2026-03-30,新手教学日,玩家049,4,平,69
2026-03-30,新手教学日,玩家010,4,胜,69
2026-03-30,新手教学日,玩家049,4,平,100
2026-03-30,新手教学日,玩家010,4,负,100
2026-03-30,新手教学日,玩家006,4,平,100
2026-03-30,新手教学日,玩家020,4,胜,100
2026-03-31,桌游嘉年华,玩家012,4,负,118
2026-03-31,桌游嘉年华,玩家028,4,负,118
2026-03-31,桌游嘉年华,玩家039,4,负,118
2026-03-31,桌游嘉年华,玩家048,4,胜,118
2026-03-31,桌游嘉年华,玩家004,4,负,118
2026-03-31,桌游嘉年华,玩家006,4,胜,118
2026-03-31,桌游嘉年华,玩家040,4,平,118
2026-03-31,桌游嘉年华,玩家006,1,负,44
2026-03-31,桌游嘉年华,玩家028,1,胜,44
2026-03-31,桌游嘉年华,玩家020,1,胜,44
2026-03-31,桌游嘉年华,玩家004,1,负,44
2026-03-31,桌游嘉年华,玩家008,1,胜,44
2026-03-31,桌游嘉年华,玩家039,1,平,44
2026-03-31,桌游嘉年华,玩家030,1,胜,44
2026-03-31,桌游嘉年华,玩家020,3,负,111
2026-03-31,桌游嘉年华,玩家001,3,胜,111
2026-03-31,桌游嘉年华,玩家028,3,负,111
2026-03-31,桌游嘉年华,玩家012,3,负,111
2026-03-31,桌游嘉年华,玩家040,3,胜,111
2026-03-31,桌游嘉年华,玩家039,3,胜,111
2026-03-31,桌游嘉年华,玩家048,3,胜,111
2026-03-31,卡牌对战赛,玩家028,1,平,29
2026-03-31,卡牌对战赛,玩家008,1,胜,29
2026-03-31,卡牌对战赛,玩家017,1,平,29
2026-03-31,卡牌对战赛,玩家034,1,负,29
2026-03-31,卡牌对战赛,玩家002,1,胜,29
2026-03-31,卡牌对战赛,玩家002,4,胜,109
2026-03-31,卡牌对战赛,玩家022,4,平,109
2026-03-31,卡牌对战赛,玩家047,4,平,109
2026-03-31,卡牌对战赛,玩家017,4,平,109
2026-03-31,卡牌对战赛,玩家043,4,平,109
2026-03-31,卡牌对战赛,玩家005,4,平,109
2026-03-31,卡牌对战赛,玩家032,1,胜,118
2026-03-31,卡牌对战赛,玩家028,1,胜,118
2026-03-31,卡牌对战赛,玩家005,1,负,118
2026-03-31,卡牌对战赛,玩家047,1,胜,118
2026-03-31,卡牌对战赛,玩家017,1,胜,118
2026-03-31,卡牌对战赛,玩家037,1,胜,118
2026-03-31,卡牌对战赛,玩家022,1,胜,118
2026-03-31,卡牌对战赛,玩家047,4,胜,48
2026-03-31,卡牌对战赛,玩家018,4,平,48
2026-03-31,卡牌对战赛,玩家022,4,胜,48
2026-03-31,卡牌对战赛,玩家008,4,平,48
2026-03-31,卡牌对战赛,玩家034,2,平,61
2026-03-31,卡牌对战赛,玩家017,2,平,61
2026-03-31,卡牌对战赛,玩家008,2,胜,61
2026-03-31,卡牌对战赛,玩家018,2,平,61
2026-03-31,卡牌对战赛,玩家034,2,胜,42
2026-03-31,卡牌对战赛,玩家032,2,负,42
2026-03-31,卡牌对战赛,玩家008,2,平,42
2026-03-31,卡牌对战赛,玩家022,2,负,42
2026-03-31,卡牌对战赛,玩家017,2,胜,42
2026-03-31,卡牌对战赛,玩家047,2,负,42
2026-03-31,卡牌对战赛,玩家002,2,胜,42
2026-03-31,卡牌对战赛,玩家018,2,负,42
