日期,活动名,玩家,桌号
2026-01-01,狼人杀之夜,玩家018,5
2026-01-01,狼人杀之夜,玩家030,1
2026-01-01,狼人杀之夜,玩家016,1
2026-01-01,狼人杀之夜,玩家005,2
2026-01-01,狼人杀之夜,玩家029,2
2026-01-01,狼人杀之夜,玩家036,4
2026-01-01,狼人杀之夜,玩家007,4
2026-01-01,狼人杀之夜,玩家004,4
2026-01-01,狼人杀之夜,玩家042,2
2026-01-02,新手教学日,玩家004,5
2026-01-02,新手教学日,玩家011,5
2026-01-02,新手教学日,玩家025,1
2026-01-02,新手教学日,玩家001,3
2026-01-02,新手教学日,玩家048,1
2026-01-02,新手教学日,玩家017,1
2026-01-02,新手教学日,玩家030,5
2026-01-02,新手教学日,玩家019,4
2026-01-02,新手教学日,玩家028,5
2026-01-02,新手教学日,玩家036,5
2026-01-02,新手教学日,玩家032,2
2026-01-02,新手教学日,玩家010,1
2026-01-02,新手教学日,玩家013,5
2026-01-02,新手教学日,玩家043,1
2026-01-02,新手教学日,玩家014,2
2026-01-02,新手教学日,玩家050,1
2026-01-02,节日特别场,玩家044,5
2026-01-02,节日特别场,玩家016,5
2026-01-02,节日特别场,玩家026,1
2026-01-02,节日特别场,玩家008,5
2026-01-02,节日特别场,玩家037,1
2026-01-02,节日特别场,玩家049,4
2026-01-03,三国杀争霸,玩家021,3
2026-01-03,三国杀争霸,玩家017,2
2026-01-03,三国杀争霸,玩家014,3
2026-01-03,三国杀争霸,玩家043,1
2026-01-03,三国杀争霸,玩家046,2
2026-01-03,三国杀争霸,玩家050,3
2026-01-03,三国杀争霸,玩家016,3
2026-01-03,三国杀争霸,玩家049,2
2026-01-03,三国杀争霸,玩家026,4
2026-01-03,三国杀争霸,玩家009,5
2026-01-03,三国杀争霸,玩家020,3
2026-01-03,三国杀争霸,玩家030,5
2026-01-03,三国杀争霸,玩家045,5
2026-01-03,三国杀争霸,玩家005,1
2026-01-03,三国杀争霸,玩家001,5
2026-01-03,三国杀争霸,玩家039,3
2026-01-03,三国杀争霸,玩家007,1
2026-01-03,三国杀争霸,玩家037,2
2026-01-03,三国杀争霸,玩家048,3
2026-01-03,三国杀争霸,玩家047,1
2026-01-04,节日特别场,玩家048,3
2026-01-04,节日特别场,玩家036,2
2026-01-04,节日特别场,玩家010,3
2026-01-04,节日特别场,玩家018,5
2026-01-04,节日特别场,玩家019,4
2026-01-04,节日特别场,玩家039,3
2026-01-04,节日特别场,玩家014,1
2026-01-05,狼人杀之夜,玩家041,2
2026-01-05,狼人杀之夜,玩家028,3
2026-01-05,狼人杀之夜,玩家018,2
2026-01-05,狼人杀之夜,玩家003,4
2026-01-05,狼人杀之夜,玩家001,5
2026-01-05,狼人杀之夜,玩家022,4
2026-01-05,节日特别场,玩家008,5
2026-01-05,节日特别场,玩家005,1
2026-01-05,节日特别场,玩家045,3
2026-01-05,节日特别场,玩家010,5
2026-01-06,新手教学日,玩家028,2
2026-01-06,新手教学日,玩家009,1
2026-01-06,新手教学日,玩家003,3
2026-01-06,新手教学日,玩家020,5
2026-01-06,新手教学日,玩家024,4
2026-01-06,新手教学日,玩家048,5
2026-01-06,新手教学日,玩家023,2
2026-01-06,新手教学日,玩家014,2
2026-01-07,深夜桌游局,玩家012,2
2026-01-07,深夜桌游局,玩家027,1
2026-01-07,深夜桌游局,玩家002,4
2026-01-07,深夜桌游局,玩家050,1
2026-01-07,深夜桌游局,玩家022,4
2026-01-07,深夜桌游局,玩家049,2
2026-01-07,深夜桌游局,玩家043,2
2026-01-07,深夜桌游局,玩家016,4
2026-01-07,深夜桌游局,玩家018,3
2026-01-08,深夜桌游局,玩家015,5
2026-01-08,深夜桌游局,玩家050,3
2026-01-08,深夜桌游局,玩家002,1
2026-01-08,深夜桌游局,玩家043,1
2026-01-08,深夜桌游局,玩家013,3
2026-01-08,深夜桌游局,玩家026,2
2026-01-08,深夜桌游局,玩家022,5
2026-01-08,深夜桌游局,玩家018,3
2026-01-08,深夜桌游局,玩家005,1
2026-01-08,深夜桌游局,玩家047,1
2026-01-08,深夜桌游局,玩家023,5
2026-01-08,深夜桌游局,玩家033,4
2026-01-08,深夜桌游局,玩家045,3
2026-01-09,深夜桌游局,玩家028,3
2026-01-09,深夜桌游局,玩家039,4
2026-01-09,深夜桌游局,玩家033,1
2026-01-09,深夜桌游局,玩家008,3
2026-01-09,深夜桌游局,玩家025,5
2026-01-09,深夜桌游局,玩家037,3
2026-01-09,深夜桌游局,玩家013,1
2026-01-09,深夜桌游局,玩家017,3
2026-01-09,深夜桌游局,玩家003,5
2026-01-09,深夜桌游局,玩家050,3
2026-01-09,深夜桌游局,玩家001,4
2026-01-09,深夜桌游局,玩家034,3
2026-01-09,深夜桌游局,玩家035,4
2026-01-09,深夜桌游局,玩家044,3
2026-01-10,新手教学日,玩家013,3
2026-01-10,新手教学日,玩家027,4
2026-01-10,新手教学日,玩家043,5
2026-01-10,新手教学日,玩家025,1
2026-01-10,新手教学日,玩家044,3
2026-01-10,新手教学日,玩家012,3
2026-01-10,新手教学日,玩家040,2
2026-01-10,新手教学日,玩家037,4
2026-01-10,家庭桌游日,玩家030,3
2026-01-10,家庭桌游日,玩家029,2
2026-01-10,家庭桌游日,玩家049,2
2026-01-10,家庭桌游日,玩家044,2
2026-01-10,家庭桌游日,玩家014,1
2026-01-10,家庭桌游日,玩家033,1
2026-01-10,家庭桌游日,玩家031,2
2026-01-10,家庭桌游日,玩家011,4
2026-01-10,家庭桌游日,玩家006,5
2026-01-10,家庭桌游日,玩家019,1
2026-01-10,家庭桌游日,玩家045,4
2026-01-10,家庭桌游日,玩家022,4
2026-01-10,家庭桌游日,玩家042,5
2026-01-10,家庭桌游日,玩家016,2
2026-01-11,狼人杀之夜,玩家032,1
2026-01-11,狼人杀之夜,玩家026,4
2026-01-11,狼人杀之夜,玩家016,2
2026-01-11,狼人杀之夜,玩家010,4
2026-01-11,狼人杀之夜,玩家042,5
2026-01-11,狼人杀之夜,玩家045,5
2026-01-11,狼人杀之夜,玩家001,5
2026-01-11,狼人杀之夜,玩家007,3
2026-01-11,狼人杀之夜,玩家028,4
2026-01-11,狼人杀之夜,玩家015,5
2026-01-11,狼人杀之夜,玩家012,5
2026-01-11,狼人杀之夜,玩家034,4
2026-01-11,狼人杀之夜,玩家030,5
2026-01-11,狼人杀之夜,玩家004,4
2026-01-11,狼人杀之夜,玩家036,2
2026-01-11,狼人杀之夜,玩家048,4
2026-01-11,桌游嘉年华,玩家017,2
2026-01-11,桌游嘉年华,玩家049,2
2026-01-11,桌游嘉年华,玩家016,2
2026-01-11,桌游嘉年华,玩家041,4
2026-01-11,桌游嘉年华,玩家018,2
2026-01-11,桌游嘉年华,玩家034,2
2026-01-11,桌游嘉年华,玩家032,1
2026-01-11,桌游嘉年华,玩家047,4
2026-01-11,桌游嘉年华,玩家048,4
2026-01-11,桌游嘉年华,玩家046,3
2026-01-11,桌游嘉年华,玩家029,5
2026-01-11,桌游嘉年华,玩家005,4
2026-01-11,桌游嘉年华,玩家019,4
2026-01-11,桌游嘉年华,玩家042,1
2026-01-11,桌游嘉年华,玩家043,2
2026-01-11,桌游嘉年华,玩家022,4
2026-01-11,桌游嘉年华,玩家021,4
2026-01-11,桌游嘉年华,玩家006,5
2026-01-12,策略桌游会,玩家049,1
2026-01-12,策略桌游会,玩家037,3
2026-01-12,策略桌游会,玩家025,3
2026-01-12,策略桌游会,玩家031,4
2026-01-12,周末欢乐局,玩家035,2
2026-01-12,周末欢乐局,玩家048,5
2026-01-12,周末欢乐局,玩家049,5
2026-01-12,周末欢乐局,玩家050,1
2026-01-12,周末欢乐局,玩家039,4
2026-01-12,周末欢乐局,玩家015,5
2026-01-12,周末欢乐局,玩家032,5
2026-01-12,周末欢乐局,玩家045,1
2026-01-12,周末欢乐局,玩家018,1
2026-01-12,周末欢乐局,玩家028,4
2026-01-12,周末欢乐局,玩家044,2
2026-01-12,周末欢乐局,玩家002,4
2026-01-12,周末欢乐局,玩家025,2
2026-01-12,周末欢乐局,玩家022,1
2026-01-12,周末欢乐局,玩家026,3
2026-01-12,周末欢乐局,玩家011,4
2026-01-12,周末欢乐局,玩家030,3
2026-01-13,新手教学日,玩家030,5
2026-01-13,新手教学日,玩家021,1
2026-01-13,新手教学日,玩家022,3
2026-01-13,新手教学日,玩家025,2
2026-01-13,新手教学日,玩家018,1
2026-01-13,新手教学日,玩家027,1
2026-01-13,新手教学日,玩家017,1
2026-01-13,新手教学日,玩家006,2
2026-01-13,新手教学日,玩家031,2
2026-01-13,新手教学日,玩家002,1
2026-01-14,三国杀争霸,玩家016,3
2026-01-14,三国杀争霸,玩家009,3
2026-01-14,三国杀争霸,玩家031,2
2026-01-14,三国杀争霸,玩家043,5
2026-01-14,三国杀争霸,玩家008,5
2026-01-14,三国杀争霸,玩家037,1
2026-01-14,三国杀争霸,玩家014,2
2026-01-14,三国杀争霸,玩家030,3
2026-01-14,节日特别场,玩家038,2
2026-01-14,节日特别场,玩家002,1
2026-01-14,节日特别场,玩家020,5
2026-01-14,节日特别场,玩家037,2
2026-01-14,节日特别场,玩家044,1
2026-01-14,节日特别场,玩家025,3
2026-01-14,节日特别场,玩家026,5
2026-01-15,三国杀争霸,玩家037,1
2026-01-15,三国杀争霸,玩家003,5
2026-01-15,三国杀争霸,玩家023,3
2026-01-15,三国杀争霸,玩家035,1
2026-01-15,三国杀争霸,玩家028,4
2026-01-15,三国杀争霸,玩家043,4
2026-01-15,三国杀争霸,玩家024,1
2026-01-15,策略桌游会,玩家024,2
2026-01-15,策略桌游会,玩家041,1
2026-01-15,策略桌游会,玩家030,3
2026-01-15,策略桌游会,玩家046,4
2026-01-15,策略桌游会,玩家010,2
2026-01-15,策略桌游会,玩家028,4
2026-01-15,策略桌游会,玩家012,5
2026-01-15,策略桌游会,玩家034,5
2026-01-15,策略桌游会,玩家042,4
2026-01-15,策略桌游会,玩家018,3
2026-01-15,策略桌游会,玩家040,1
2026-01-15,策略桌游会,玩家035,4
2026-01-15,策略桌游会,玩家031,3
2026-01-15,策略桌游会,玩家048,2
2026-01-15,策略桌游会,玩家045,4
2026-01-15,策略桌游会,玩家049,2
2026-01-15,策略桌游会,玩家021,3
2026-01-16,节日特别场,玩家022,4
2026-01-16,节日特别场,玩家018,5
2026-01-16,节日特别场,玩家039,2
2026-01-16,节日特别场,玩家045,4
2026-01-16,节日特别场,玩家049,4
2026-01-16,节日特别场,玩家036,4
2026-01-16,节日特别场,玩家001,1
2026-01-16,节日特别场,玩家034,1
2026-01-16,节日特别场,玩家013,3
2026-01-16,节日特别场,玩家006,2
2026-01-16,节日特别场,玩家016,4
2026-01-16,节日特别场,玩家027,2
2026-01-16,周末欢乐局,玩家043,3
2026-01-16,周末欢乐局,玩家038,3
2026-01-16,周末欢乐局,玩家024,2
2026-01-16,周末欢乐局,玩家031,1
2026-01-16,周末欢乐局,玩家036,2
2026-01-16,周末欢乐局,玩家034,3
2026-01-16,周末欢乐局,玩家023,1
2026-01-16,周末欢乐局,玩家028,5
2026-01-16,周末欢乐局,玩家046,2
2026-01-16,周末欢乐局,玩家022,2
2026-01-16,周末欢乐局,玩家044,2
2026-01-16,周末欢乐局,玩家030,4
2026-01-16,周末欢乐局,玩家018,3
2026-01-17,家庭桌游日,玩家039,1
2026-01-17,家庭桌游日,玩家019,5
2026-01-17,家庭桌游日,玩家007,3
2026-01-17,家庭桌游日,玩家013,4
2026-01-17,家庭桌游日,玩家049,4
2026-01-17,家庭桌游日,玩家015,4
2026-01-17,家庭桌游日,玩家024,3
2026-01-17,家庭桌游日,玩家012,2
2026-01-17,家庭桌游日,玩家020,1
2026-01-17,家庭桌游日,玩家001,3
2026-01-17,家庭桌游日,玩家035,4
2026-01-17,家庭桌游日,玩家009,1
2026-01-17,家庭桌游日,玩家018,1
2026-01-17,家庭桌游日,玩家003,4
2026-01-17,家庭桌游日,玩家004,4
2026-01-17,家庭桌游日,玩家046,1
2026-01-17,家庭桌游日,玩家050,5
2026-01-17,家庭桌游日,玩家032,1
2026-01-17,家庭桌游日,玩家048,2
2026-01-17,家庭桌游日,玩家028,2
2026-01-18,卡牌对战赛,玩家006,3
2026-01-18,卡牌对战赛,玩家016,5
2026-01-18,卡牌对战赛,玩家008,4
2026-01-18,卡牌对战赛,玩家036,3
2026-01-18,卡牌对战赛,玩家027,5
2026-01-18,卡牌对战赛,玩家039,5
2026-01-18,卡牌对战赛,玩家045,1
2026-01-18,卡牌对战赛,玩家040,5
2026-01-18,卡牌对战赛,玩家015,1
2026-01-18,卡牌对战赛,玩家034,2
2026-01-18,卡牌对战赛,玩家025,2
2026-01-18,卡牌对战赛,玩家029,3
2026-01-18,卡牌对战赛,玩家044,1
2026-01-19,深夜桌游局,玩家016,4
2026-01-19,深夜桌游局,玩家012,3
2026-01-19,深夜桌游局,玩家036,1
2026-01-19,深夜桌游局,玩家005,2
2026-01-19,深夜桌游局,玩家011,3
2026-01-19,深夜桌游局,玩家001,3
2026-01-19,深夜桌游局,玩家027,4
2026-01-19,深夜桌游局,玩家029,1
2026-01-19,深夜桌游局,玩家039,2
2026-01-20,节日特别场,玩家041,1
2026-01-20,节日特别场,玩家038,1
2026-01-20,节日特别场,玩家043,2
2026-01-20,节日特别场,玩家013,3
2026-01-20,节日特别场,玩家028,5
2026-01-20,节日特别场,玩家008,5
2026-01-20,节日特别场,玩家035,3
2026-01-20,节日特别场,玩家015,4
2026-01-20,节日特别场,玩家042,1
2026-01-20,节日特别场,玩家010,4
2026-01-20,节日特别场,玩家018,3
2026-01-20,节日特别场,玩家050,4
2026-01-20,策略桌游会,玩家033,1
2026-01-20,策略桌游会,玩家035,2
2026-01-20,策略桌游会,玩家032,5
2026-01-20,策略桌游会,玩家029,5
2026-01-20,策略桌游会,玩家006,1
2026-01-20,策略桌游会,玩家039,3
2026-01-20,策略桌游会,玩家003,5
2026-01-20,策略桌游会,玩家028,1
2026-01-20,策略桌游会,玩家021,2
2026-01-20,策略桌游会,玩家045,4
2026-01-20,策略桌游会,玩家017,5
2026-01-20,策略桌游会,玩家002,4
2026-01-21,三国杀争霸,玩家012,2
2026-01-21,三国杀争霸,玩家038,3
2026-01-21,三国杀争霸,玩家028,4
2026-01-21,三国杀争霸,玩家041,4
2026-01-21,三国杀争霸,玩家032,3
2026-01-21,三国杀争霸,玩家006,4
2026-01-21,三国杀争霸,玩家031,5
2026-01-21,三国杀争霸,玩家023,1
2026-01-21,三国杀争霸,玩家027,4
2026-01-21,三国杀争霸,玩家022,1
2026-01-21,三国杀争霸,玩家021,3
2026-01-21,三国杀争霸,玩家007,3
2026-01-22,新手教学日,玩家008,1
2026-01-22,新手教学日,玩家026,2
2026-01-22,新手教学日,玩家033,3
2026-01-22,新手教学日,玩家001,5
2026-01-22,新手教学日,玩家043,2
2026-01-22,新手教学日,玩家035,3
2026-01-22,新手教学日,玩家030,4
2026-01-22,新手教学日,玩家027,4
2026-01-22,新手教学日,玩家004,1
2026-01-22,新手教学日,玩家013,1
2026-01-22,新手教学日,玩家034,5
2026-01-22,新手教学日,玩家024,2
2026-01-22,新手教学日,玩家032,2
2026-01-22,新手教学日,玩家029,3
2026-01-23,三国杀争霸,玩家036,1
2026-01-23,三国杀争霸,玩家027,4
2026-01-23,三国杀争霸,玩家006,1
2026-01-23,三国杀争霸,玩家015,2
2026-01-23,新手教学日,玩家046,3
2026-01-23,新手教学日,玩家019,5
2026-01-23,新手教学日,玩家033,3
2026-01-23,新手教学日,玩家050,1
2026-01-23,新手教学日,玩家018,3
2026-01-23,新手教学日,玩家027,3
2026-01-23,新手教学日,玩家031,5
2026-01-23,新手教学日,玩家044,5
2026-01-23,新手教学日,玩家016,4
2026-01-23,新手教学日,玩家030,2
2026-01-23,新手教学日,玩家036,4
2026-01-23,新手教学日,玩家010,5
2026-01-23,新手教学日,玩家025,4
2026-01-23,新手教学日,玩家013,3
2026-01-23,新手教学日,玩家048,3
2026-01-23,新手教学日,玩家009,5
2026-01-23,新手教学日,玩家005,5
2026-01-23,新手教学日,玩家047,4
2026-01-23,新手教学日,玩家045,4
2026-01-24,卡牌对战赛,玩家013,1
2026-01-24,卡牌对战赛,玩家045,2
2026-01-24,卡牌对战赛,玩家016,5
2026-01-24,卡牌对战赛,玩家037,5
2026-01-24,卡牌对战赛,玩家025,3
2026-01-24,卡牌对战赛,玩家015,1
2026-01-24,卡牌对战赛,玩家027,4
2026-01-24,卡牌对战赛,玩家003,1
2026-01-24,卡牌对战赛,玩家021,5
2026-01-24,卡牌对战赛,玩家031,4
2026-01-24,卡牌对战赛,玩家046,1
2026-01-24,卡牌对战赛,玩家040,2
2026-01-24,卡牌对战赛,玩家010,4
2026-01-24,卡牌对战赛,玩家032,2
2026-01-25,家庭桌游日,玩家031,1
2026-01-25,家庭桌游日,玩家017,3
2026-01-25,家庭桌游日,玩家022,5
2026-01-25,家庭桌游日,玩家040,4
2026-01-25,家庭桌游日,玩家045,3
2026-01-25,家庭桌游日,玩家026,4
2026-01-25,策略桌游会,玩家040,3
2026-01-25,策略桌游会,玩家005,2
2026-01-25,策略桌游会,玩家016,1
2026-01-25,策略桌游会,玩家041,4
2026-01-25,策略桌游会,玩家044,1
2026-01-26,策略桌游会,玩家029,1
2026-01-26,策略桌游会,玩家011,3
2026-01-26,策略桌游会,玩家045,3
2026-01-26,策略桌游会,玩家020,3
2026-01-26,策略桌游会,玩家002,4
2026-01-26,策略桌游会,玩家003,2
2026-01-26,策略桌游会,玩家021,2
2026-01-27,新手教学日,玩家027,1
2026-01-27,新手教学日,玩家037,4
2026-01-27,新手教学日,玩家044,3
2026-01-27,新手教学日,玩家012,5
2026-01-27,新手教学日,玩家011,2
2026-01-27,新手教学日,玩家047,1
2026-01-27,新手教学日,玩家006,4
2026-01-27,新手教学日,玩家040,3
2026-01-27,新手教学日,玩家025,5
2026-01-27,新手教学日,玩家043,3
2026-01-27,新手教学日,玩家016,4
2026-01-27,新手教学日,玩家032,3
2026-01-27,新手教学日,玩家038,4
2026-01-27,新手教学日,玩家010,3
2026-01-27,新手教学日,玩家015,2
2026-01-27,新手教学日,玩家030,4
2026-01-27,新手教学日,玩家017,4
2026-01-27,新手教学日,玩家035,1
2026-01-27,新手教学日,玩家034,2
2026-01-27,新手教学日,玩家022,4
2026-01-27,周末欢乐局,玩家037,5
2026-01-27,周末欢乐局,玩家019,3
2026-01-27,周末欢乐局,玩家045,2
2026-01-27,周末欢乐局,玩家049,2
2026-01-27,周末欢乐局,玩家002,5
2026-01-27,周末欢乐局,玩家043,3
2026-01-27,周末欢乐局,玩家026,2
2026-01-27,周末欢乐局,玩家018,1
2026-01-27,周末欢乐局,玩家001,1
2026-01-27,周末欢乐局,玩家050,3
2026-01-27,周末欢乐局,玩家004,4
2026-01-27,周末欢乐局,玩家039,1
2026-01-27,周末欢乐局,玩家032,5
2026-01-27,周末欢乐局,玩家047,3
2026-01-27,周末欢乐局,玩家015,2
2026-01-28,节日特别场,玩家019,2
2026-01-28,节日特别场,玩家021,5
2026-01-28,节日特别场,玩家048,3
2026-01-28,节日特别场,玩家027,5
2026-01-28,节日特别场,玩家012,5
2026-01-28,节日特别场,玩家013,3
2026-01-29,深夜桌游局,玩家017,4
2026-01-29,深夜桌游局,玩家031,5
2026-01-29,深夜桌游局,玩家019,3
2026-01-29,深夜桌游局,玩家022,1
2026-01-29,深夜桌游局,玩家008,4
2026-01-29,深夜桌游局,玩家030,1
2026-01-29,深夜桌游局,玩家005,3
2026-01-29,深夜桌游局,玩家010,5
2026-01-29,深夜桌游局,玩家015,1
2026-01-30,桌游嘉年华,玩家024,3
2026-01-30,桌游嘉年华,玩家044,4
2026-01-30,桌游嘉年华,玩家048,1
2026-01-30,桌游嘉年华,玩家049,2
2026-01-30,桌游嘉年华,玩家017,1
2026-01-30,桌游嘉年华,玩家038,1
2026-01-30,桌游嘉年华,玩家025,3
2026-01-30,桌游嘉年华,玩家041,4
2026-01-30,桌游嘉年华,玩家050,1
2026-01-30,桌游嘉年华,玩家007,1
2026-01-30,桌游嘉年华,玩家015,2
2026-01-30,桌游嘉年华,玩家031,5
2026-01-30,桌游嘉年华,玩家002,2
2026-01-30,桌游嘉年华,玩家036,4
2026-01-30,桌游嘉年华,玩家021,4
2026-01-30,桌游嘉年华,玩家040,3
2026-01-30,桌游嘉年华,玩家005,5
2026-01-30,桌游嘉年华,玩家030,4
2026-01-31,卡牌对战赛,玩家027,3
2026-01-31,卡牌对战赛,玩家042,2
2026-01-31,卡牌对战赛,玩家007,4
2026-01-31,卡牌对战赛,玩家032,4
2026-01-31,卡牌对战赛,玩家040,2
2026-01-31,卡牌对战赛,玩家050,3
2026-01-31,卡牌对战赛,玩家018,1
2026-01-31,卡牌对战赛,玩家003,3
2026-01-31,周末欢乐局,玩家004,2
2026-01-31,周末欢乐局,玩家026,5
2026-01-31,周末欢乐局,玩家018,2
2026-01-31,周末欢乐局,玩家013,1
2026-01-31,周末欢乐局,玩家008,5
2026-01-31,周末欢乐局,玩家030,2
2026-01-31,周末欢乐局,玩家006,5
2026-01-31,周末欢乐局,玩家043,2
2026-01-31,周末欢乐局,玩家014,2
2026-01-31,周末欢乐局,玩家041,3
2026-01-31,周末欢乐局,玩家039,2
2026-01-31,周末欢乐局,玩家002,5
2026-01-31,周末欢乐局,玩家050,1
2026-01-31,周末欢乐局,玩家022,3
2026-01-31,周末欢乐局,玩家016,2
2026-02-01,策略桌游会,玩家035,3
2026-02-01,策略桌游会,玩家017,2
2026-02-01,策略桌游会,玩家012,5
2026-02-01,策略桌游会,玩家008,3
2026-02-01,策略桌游会,玩家043,1
2026-02-01,策略桌游会,玩家002,2
2026-02-01,策略桌游会,玩家009,3
2026-02-01,策略桌游会,玩家001,1
2026-02-02,新手教学日,玩家048,5
2026-02-02,新手教学日,玩家027,5
2026-02-02,新手教学日,玩家034,1
2026-02-02,新手教学日,玩家008,4
2026-02-02,新手教学日,玩家005,5
2026-02-02,新手教学日,玩家031,2
2026-02-02,新手教学日,玩家029,5
2026-02-02,新手教学日,玩家024,1
2026-02-03,策略桌游会,玩家020,5
2026-02-03,策略桌游会,玩家030,5
2026-02-03,策略桌游会,玩家042,3
2026-02-03,策略桌游会,玩家002,4
2026-02-03,策略桌游会,玩家004,5
2026-02-03,策略桌游会,玩家031,5
2026-02-03,策略桌游会,玩家026,4
2026-02-03,策略桌游会,玩家028,1
2026-02-03,策略桌游会,玩家007,1
2026-02-03,策略桌游会,玩家032,5
2026-02-03,策略桌游会,玩家029,2
2026-02-03,策略桌游会,玩家005,4
2026-02-03,策略桌游会,玩家006,4
2026-02-03,策略桌游会,玩家021,2
2026-02-03,策略桌游会,玩家010,4
2026-02-03,策略桌游会,玩家039,3
2026-02-03,策略桌游会,玩家009,4
2026-02-03,策略桌游会,玩家018,4
2026-02-03,策略桌游会,玩家037,4
2026-02-03,策略桌游会,玩家013,1
2026-02-04,周末欢乐局,玩家028,3
2026-02-04,周末欢乐局,玩家021,2
2026-02-04,周末欢乐局,玩家043,5
2026-02-04,周末欢乐局,玩家017,1
2026-02-04,周末欢乐局,玩家024,5
2026-02-04,周末欢乐局,玩家010,5
2026-02-04,周末欢乐局,玩家044,5
2026-02-04,周末欢乐局,玩家031,3
2026-02-04,周末欢乐局,玩家005,1
2026-02-04,周末欢乐局,玩家006,4
2026-02-04,周末欢乐局,玩家041,3
2026-02-04,周末欢乐局,玩家040,4
2026-02-04,周末欢乐局,玩家050,1
2026-02-04,周末欢乐局,玩家007,3
2026-02-04,三国杀争霸,玩家023,1
2026-02-04,三国杀争霸,玩家007,3
2026-02-04,三国杀争霸,玩家037,5
2026-02-04,三国杀争霸,玩家033,2
2026-02-04,三国杀争霸,玩家014,4
2026-02-04,三国杀争霸,玩家010,5
2026-02-04,三国杀争霸,玩家043,5
2026-02-04,三国杀争霸,玩家031,5
2026-02-04,三国杀争霸,玩家015,5
2026-02-04,三国杀争霸,玩家049,1
2026-02-04,三国杀争霸,玩家050,5
2026-02-04,三国杀争霸,玩家036,3
2026-02-04,三国杀争霸,玩家024,1
2026-02-05,节日特别场,玩家018,4
2026-02-05,节日特别场,玩家045,1
2026-02-05,节日特别场,玩家020,2
2026-02-05,节日特别场,玩家022,1
2026-02-05,节日特别场,玩家023,1
2026-02-05,节日特别场,玩家001,5
2026-02-05,节日特别场,玩家012,2
2026-02-05,节日特别场,玩家010,4
2026-02-05,节日特别场,玩家037,4
2026-02-06,新手教学日,玩家022,4
2026-02-06,新手教学日,玩家011,3
2026-02-06,新手教学日,玩家024,2
2026-02-06,新手教学日,玩家020,5
2026-02-06,新手教学日,玩家021,1
2026-02-06,新手教学日,玩家037,3
2026-02-06,新手教学日,玩家039,4
2026-02-06,新手教学日,玩家006,1
2026-02-06,新手教学日,玩家004,3
2026-02-06,新手教学日,玩家010,5
2026-02-06,新手教学日,玩家049,4
2026-02-06,新手教学日,玩家042,5
2026-02-06,新手教学日,玩家043,3
2026-02-06,新手教学日,玩家018,1
2026-02-06,新手教学日,玩家029,2
2026-02-06,新手教学日,玩家028,4
2026-02-06,新手教学日,玩家032,5
2026-02-06,新手教学日,玩家036,1
2026-02-06,家庭桌游日,玩家014,3
2026-02-06,家庭桌游日,玩家020,3
2026-02-06,家庭桌游日,玩家050,3
2026-02-06,家庭桌游日,玩家009,1
2026-02-07,家庭桌游日,玩家032,2
2026-02-07,家庭桌游日,玩家048,4
2026-02-07,家庭桌游日,玩家028,5
2026-02-07,家庭桌游日,玩家012,2
2026-02-07,桌游嘉年华,玩家036,3
2026-02-07,桌游嘉年华,玩家043,2
2026-02-07,桌游嘉年华,玩家023,5
2026-02-07,桌游嘉年华,玩家005,4
2026-02-07,桌游嘉年华,玩家026,3
2026-02-07,桌游嘉年华,玩家003,1
2026-02-07,桌游嘉年华,玩家028,4
2026-02-07,桌游嘉年华,玩家002,1
2026-02-07,桌游嘉年华,玩家030,2
2026-02-07,桌游嘉年华,玩家047,4
2026-02-07,桌游嘉年华,玩家021,5
2026-02-07,桌游嘉年华,玩家037,4
2026-02-07,桌游嘉年华,玩家044,5
2026-02-07,桌游嘉年华,玩家039,1
2026-02-07,桌游嘉年华,玩家046,4
2026-02-07,桌游嘉年华,玩家027,3
2026-02-07,桌游嘉年华,玩家019,3
2026-02-07,桌游嘉年华,玩家008,2
2026-02-07,桌游嘉年华,玩家050,3
2026-02-07,桌游嘉年华,玩家001,2
2026-02-08,桌游嘉年华,玩家033,3
2026-02-08,桌游嘉年华,玩家041,3
2026-02-08,桌游嘉年华,玩家008,2
2026-02-08,桌游嘉年华,玩家034,2
2026-02-08,桌游嘉年华,玩家050,1
2026-02-08,桌游嘉年华,玩家013,2
2026-02-08,新手教学日,玩家013,4
2026-02-08,新手教学日,玩家012,5
2026-02-08,新手教学日,玩家039,5
2026-02-08,新手教学日,玩家010,3
2026-02-08,新手教学日,玩家042,3
2026-02-08,新手教学日,玩家005,2
2026-02-08,新手教学日,玩家049,4
2026-02-08,新手教学日,玩家041,1
2026-02-08,新手教学日,玩家032,4
2026-02-08,新手教学日,玩家030,4
2026-02-08,新手教学日,玩家037,3
2026-02-08,新手教学日,玩家038,3
2026-02-09,节日特别场,玩家023,4
2026-02-09,节日特别场,玩家033,1
2026-02-09,节日特别场,玩家005,1
2026-02-09,节日特别场,玩家020,3
2026-02-09,节日特别场,玩家030,3
2026-02-09,卡牌对战赛,玩家042,4
2026-02-09,卡牌对战赛,玩家006,5
2026-02-09,卡牌对战赛,玩家040,5
2026-02-09,卡牌对战赛,玩家039,1
2026-02-09,卡牌对战赛,玩家033,4
2026-02-09,卡牌对战赛,玩家025,5
2026-02-10,策略桌游会,玩家021,5
2026-02-10,策略桌游会,玩家039,2
2026-02-10,策略桌游会,玩家031,1
2026-02-10,策略桌游会,玩家033,2
2026-02-10,策略桌游会,玩家010,4
2026-02-10,策略桌游会,玩家004,4
2026-02-10,策略桌游会,玩家029,5
2026-02-10,策略桌游会,玩家007,5
2026-02-10,策略桌游会,玩家022,5
2026-02-10,策略桌游会,玩家006,2
2026-02-10,新手教学日,玩家024,3
2026-02-10,新手教学日,玩家019,3
2026-02-10,新手教学日,玩家025,5
2026-02-10,新手教学日,玩家027,2
2026-02-10,新手教学日,玩家022,3
2026-02-10,新手教学日,玩家044,1
2026-02-10,新手教学日,玩家039,5
2026-02-10,新手教学日,玩家004,2
2026-02-10,新手教学日,玩家041,3
2026-02-10,新手教学日,玩家046,3
2026-02-10,新手教学日,玩家005,4
2026-02-10,新手教学日,玩家042,2
2026-02-10,新手教学日,玩家007,5
2026-02-10,新手教学日,玩家036,1
2026-02-10,新手教学日,玩家048,3
2026-02-11,深夜桌游局,玩家042,2
2026-02-11,深夜桌游局,玩家022,3
2026-02-11,深夜桌游局,玩家009,4
2026-02-11,深夜桌游局,玩家043,2
2026-02-11,深夜桌游局,玩家045,2
2026-02-11,深夜桌游局,玩家044,2
2026-02-11,深夜桌游局,玩家034,2
2026-02-11,深夜桌游局,玩家006,1
2026-02-11,深夜桌游局,玩家050,3
2026-02-11,深夜桌游局,玩家028,1
2026-02-11,深夜桌游局,玩家033,5
2026-02-11,深夜桌游局,玩家024,5
2026-02-11,深夜桌游局,玩家002,5
2026-02-11,深夜桌游局,玩家039,1
2026-02-11,深夜桌游局,玩家020,3
2026-02-11,深夜桌游局,玩家012,5
2026-02-12,三国杀争霸,玩家039,4
2026-02-12,三国杀争霸,玩家025,1
2026-02-12,三国杀争霸,玩家010,4
2026-02-12,三国杀争霸,玩家011,3
2026-02-12,三国杀争霸,玩家012,2
2026-02-12,三国杀争霸,玩家045,4
2026-02-12,三国杀争霸,玩家040,5
2026-02-12,三国杀争霸,玩家047,3
2026-02-12,狼人杀之夜,玩家015,3
2026-02-12,狼人杀之夜,玩家035,1
2026-02-12,狼人杀之夜,玩家016,4
2026-02-12,狼人杀之夜,玩家020,3
2026-02-12,狼人杀之夜,玩家031,5
2026-02-12,狼人杀之夜,玩家013,1
2026-02-12,狼人杀之夜,玩家024,5
2026-02-12,狼人杀之夜,玩家037,1
2026-02-12,狼人杀之夜,玩家029,3
2026-02-12,狼人杀之夜,玩家030,1
2026-02-12,狼人杀之夜,玩家019,2
2026-02-12,狼人杀之夜,玩家025,3
2026-02-12,狼人杀之夜,玩家033,4
2026-02-12,狼人杀之夜,玩家034,5
2026-02-12,狼人杀之夜,玩家027,2
2026-02-12,狼人杀之夜,玩家011,4
2026-02-12,狼人杀之夜,玩家045,1
2026-02-12,狼人杀之夜,玩家009,2
2026-02-13,桌游嘉年华,玩家023,1
2026-02-13,桌游嘉年华,玩家002,3
2026-02-13,桌游嘉年华,玩家027,4
2026-02-13,桌游嘉年华,玩家004,2
2026-02-13,桌游嘉年华,玩家026,4
2026-02-13,桌游嘉年华,玩家033,4
2026-02-13,桌游嘉年华,玩家024,5
2026-02-13,桌游嘉年华,玩家016,1
2026-02-13,桌游嘉年华,玩家025,1
2026-02-13,桌游嘉年华,玩家006,1
2026-02-13,桌游嘉年华,玩家044,3
2026-02-13,桌游嘉年华,玩家015,2
2026-02-13,桌游嘉年华,玩家049,2
2026-02-13,桌游嘉年华,玩家021,5
2026-02-13,桌游嘉年华,玩家007,5
2026-02-13,桌游嘉年华,玩家022,5
2026-02-13,桌游嘉年华,玩家010,4
2026-02-13,桌游嘉年华,玩家009,1
2026-02-14,卡牌对战赛,玩家016,1
2026-02-14,卡牌对战赛,玩家020,5
2026-02-14,卡牌对战赛,玩家008,5
2026-02-14,卡牌对战赛,玩家004,2
2026-02-14,卡牌对战赛,玩家050,2
2026-02-14,卡牌对战赛,玩家027,3
2026-02-14,卡牌对战赛,玩家041,4
2026-02-14,卡牌对战赛,玩家040,1
2026-02-14,卡牌对战赛,玩家030,5
2026-02-14,卡牌对战赛,玩家005,3
2026-02-14,卡牌对战赛,玩家048,2
2026-02-14,卡牌对战赛,玩家032,5
2026-02-14,卡牌对战赛,玩家035,4
2026-02-15,卡牌对战赛,玩家043,5
2026-02-15,卡牌对战赛,玩家050,5
2026-02-15,卡牌对战赛,玩家006,1
2026-02-15,卡牌对战赛,玩家034,4
2026-02-15,卡牌对战赛,玩家024,4
2026-02-15,卡牌对战赛,玩家005,1
2026-02-15,卡牌对战赛,玩家047,4
2026-02-15,卡牌对战赛,玩家035,3
2026-02-15,卡牌对战赛,玩家033,3
2026-02-16,节日特别场,玩家023,1
2026-02-16,节日特别场,玩家005,5
2026-02-16,节日特别场,玩家016,3
2026-02-16,节日特别场,玩家047,2
2026-02-16,家庭桌游日,玩家023,4
2026-02-16,家庭桌游日,玩家035,4
2026-02-16,家庭桌游日,玩家022,2
2026-02-16,家庭桌游日,玩家042,2
2026-02-16,家庭桌游日,玩家012,1
2026-02-17,深夜桌游局,玩家003,3
2026-02-17,深夜桌游局,玩家019,3
2026-02-17,深夜桌游局,玩家013,1
2026-02-17,深夜桌游局,玩家050,3
2026-02-17,深夜桌游局,玩家048,4
2026-02-17,深夜桌游局,玩家047,4
2026-02-17,深夜桌游局,玩家021,4
2026-02-17,深夜桌游局,玩家020,4
2026-02-17,深夜桌游局,玩家033,3
2026-02-17,深夜桌游局,玩家026,2
2026-02-17,深夜桌游局,玩家035,4
2026-02-17,深夜桌游局,玩家031,4
2026-02-17,深夜桌游局,玩家017,3
2026-02-17,深夜桌游局,玩家045,5
2026-02-17,深夜桌游局,玩家046,3
2026-02-17,深夜桌游局,玩家049,1
2026-02-17,深夜桌游局,玩家023,4
2026-02-17,深夜桌游局,玩家004,1
2026-02-17,狼人杀之夜,玩家039,1
2026-02-17,狼人杀之夜,玩家012,3
2026-02-17,狼人杀之夜,玩家035,5
2026-02-17,狼人杀之夜,玩家019,4
2026-02-17,狼人杀之夜,玩家021,3
2026-02-17,狼人杀之夜,玩家007,1
2026-02-17,狼人杀之夜,玩家006,1
2026-02-17,狼人杀之夜,玩家046,4
2026-02-17,狼人杀之夜,玩家047,3
2026-02-17,狼人杀之夜,玩家020,5
2026-02-17,狼人杀之夜,玩家029,2
2026-02-17,狼人杀之夜,玩家050,1
2026-02-17,狼人杀之夜,玩家028,2
2026-02-17,狼人杀之夜,玩家011,5
2026-02-17,狼人杀之夜,玩家040,4
2026-02-17,狼人杀之夜,玩家023,1
2026-02-17,狼人杀之夜,玩家036,2
2026-02-18,深夜桌游局,玩家016,1
2026-02-18,深夜桌游局,玩家042,5
2026-02-18,深夜桌游局,玩家024,2
2026-02-18,深夜桌游局,玩家048,4
2026-02-18,深夜桌游局,玩家025,3
2026-02-18,深夜桌游局,玩家037,3
2026-02-19,策略桌游会,玩家049,3
2026-02-19,策略桌游会,玩家005,3
2026-02-19,策略桌游会,玩家037,4
2026-02-19,策略桌游会,玩家009,2
2026-02-19,策略桌游会,玩家034,5
2026-02-19,策略桌游会,玩家024,3
2026-02-19,策略桌游会,玩家026,4
2026-02-19,策略桌游会,玩家021,2
2026-02-19,策略桌游会,玩家042,1
2026-02-19,策略桌游会,玩家018,2
2026-02-19,策略桌游会,玩家016,1
2026-02-19,策略桌游会,玩家008,4
2026-02-19,策略桌游会,玩家002,2
2026-02-19,策略桌游会,玩家012,4
2026-02-19,策略桌游会,玩家032,1
2026-02-19,策略桌游会,玩家046,3
2026-02-19,策略桌游会,玩家025,3
2026-02-19,策略桌游会,玩家039,1
2026-02-19,三国杀争霸,玩家020,2
2026-02-19,三国杀争霸,玩家011,4
2026-02-19,三国杀争霸,玩家046,1
2026-02-19,三国杀争霸,玩家048,3
2026-02-19,三国杀争霸,玩家045,5
2026-02-19,三国杀争霸,玩家041,5
2026-02-19,三国杀争霸,玩家012,3
2026-02-19,三国杀争霸,玩家024,4
2026-02-19,三国杀争霸,玩家033,5
2026-02-19,三国杀争霸,玩家015,2
2026-02-19,三国杀争霸,玩家008,5
2026-02-19,三国杀争霸,玩家013,1
2026-02-19,三国杀争霸,玩家009,1
2026-02-20,卡牌对战赛,玩家026,4
2026-02-20,卡牌对战赛,玩家046,5
2026-02-20,卡牌对战赛,玩家047,3
2026-02-20,卡牌对战赛,玩家031,2
2026-02-20,卡牌对战赛,玩家034,5
2026-02-20,卡牌对战赛,玩家027,5
2026-02-20,卡牌对战赛,玩家045,2
2026-02-20,卡牌对战赛,玩家037,2
2026-02-20,卡牌对战赛,玩家005,4
2026-02-20,卡牌对战赛,玩家009,5
2026-02-20,卡牌对战赛,玩家021,1
2026-02-20,卡牌对战赛,玩家042,1
2026-02-20,卡牌对战赛,玩家029,5
2026-02-20,桌游嘉年华,玩家020,3
2026-02-20,桌游嘉年华,玩家011,1
2026-02-20,桌游嘉年华,玩家049,3
2026-02-20,桌游嘉年华,玩家021,2
2026-02-20,桌游嘉年华,玩家046,5
2026-02-20,桌游嘉年华,玩家015,3
2026-02-20,桌游嘉年华,玩家023,2
2026-02-20,桌游嘉年华,玩家034,3
2026-02-21,狼人杀之夜,玩家033,2
2026-02-21,狼人杀之夜,玩家042,5
2026-02-21,狼人杀之夜,玩家011,5
2026-02-21,狼人杀之夜,玩家038,3
2026-02-21,狼人杀之夜,玩家047,5
2026-02-21,狼人杀之夜,玩家010,1
2026-02-21,周末欢乐局,玩家006,5
2026-02-21,周末欢乐局,玩家003,3
2026-02-21,周末欢乐局,玩家042,2
2026-02-21,周末欢乐局,玩家050,5
2026-02-22,深夜桌游局,玩家040,4
2026-02-22,深夜桌游局,玩家041,4
2026-02-22,深夜桌游局,玩家002,4
2026-02-22,深夜桌游局,玩家032,4
2026-02-22,深夜桌游局,玩家049,2
2026-02-22,深夜桌游局,玩家035,3
2026-02-22,深夜桌游局,玩家019,5
2026-02-22,深夜桌游局,玩家042,2
2026-02-22,深夜桌游局,玩家020,3
2026-02-22,深夜桌游局,玩家031,3
2026-02-22,深夜桌游局,玩家016,3
2026-02-22,深夜桌游局,玩家026,4
2026-02-22,深夜桌游局,玩家043,2
2026-02-22,深夜桌游局,玩家030,3
2026-02-22,深夜桌游局,玩家005,5
2026-02-22,深夜桌游局,玩家004,5
2026-02-22,深夜桌游局,玩家011,1
2026-02-23,周末欢乐局,玩家016,3
2026-02-23,周末欢乐局,玩家030,5
2026-02-23,周末欢乐局,玩家008,3
2026-02-23,周末欢乐局,玩家018,2
2026-02-23,周末欢乐局,玩家029,2
2026-02-23,周末欢乐局,玩家050,4
2026-02-23,周末欢乐局,玩家010,5
2026-02-23,周末欢乐局,玩家007,4
2026-02-23,周末欢乐局,玩家004,4
2026-02-23,周末欢乐局,玩家019,3
2026-02-23,周末欢乐局,玩家025,4
2026-02-23,周末欢乐局,玩家027,1
2026-02-23,周末欢乐局,玩家045,1
2026-02-23,周末欢乐局,玩家011,4
2026-02-24,桌游嘉年华,玩家030,4
2026-02-24,桌游嘉年华,玩家016,3
2026-02-24,桌游嘉年华,玩家014,1
2026-02-24,桌游嘉年华,玩家038,4
2026-02-24,桌游嘉年华,玩家023,1
2026-02-24,桌游嘉年华,玩家004,5
2026-02-24,桌游嘉年华,玩家045,5
2026-02-24,桌游嘉年华,玩家019,2
2026-02-24,桌游嘉年华,玩家032,3
2026-02-24,桌游嘉年华,玩家039,5
2026-02-24,桌游嘉年华,玩家031,3
2026-02-24,桌游嘉年华,玩家043,1
2026-02-24,桌游嘉年华,玩家035,4
2026-02-24,桌游嘉年华,玩家001,5
2026-02-24,桌游嘉年华,玩家007,4
2026-02-24,桌游嘉年华,玩家028,5
2026-02-24,桌游嘉年华,玩家009,3
2026-02-24,桌游嘉年华,玩家017,5
2026-02-24,桌游嘉年华,玩家024,5
2026-02-24,桌游嘉年华,玩家025,1
2026-02-25,桌游嘉年华,玩家007,5
2026-02-25,桌游嘉年华,玩家026,5
2026-02-25,桌游嘉年华,玩家024,4
2026-02-25,桌游嘉年华,玩家022,5
2026-02-25,桌游嘉年华,玩家036,1
2026-02-25,桌游嘉年华,玩家048,1
2026-02-25,桌游嘉年华,玩家010,1
2026-02-25,桌游嘉年华,玩家013,2
2026-02-25,深夜桌游局,玩家031,5
2026-02-25,深夜桌游局,玩家034,5
2026-02-25,深夜桌游局,玩家030,5
2026-02-25,深夜桌游局,玩家010,4
2026-02-25,深夜桌游局,玩家039,5
2026-02-25,深夜桌游局,玩家033,3
2026-02-25,深夜桌游局,玩家009,4
2026-02-25,深夜桌游局,玩家021,1
2026-02-25,深夜桌游局,玩家040,3
2026-02-25,深夜桌游局,玩家043,3
2026-02-25,深夜桌游局,玩家011,1
2026-02-25,深夜桌游局,玩家026,4
2026-02-25,深夜桌游局,玩家020,5
2026-02-25,深夜桌游局,玩家022,3
2026-02-26,节日特别场,玩家039,5
2026-02-26,节日特别场,玩家031,5
2026-02-26,节日特别场,玩家017,2
2026-02-26,节日特别场,玩家042,1
2026-02-27,家庭桌游日,玩家011,4
2026-02-27,家庭桌游日,玩家034,5
2026-02-27,家庭桌游日,玩家041,5
2026-02-27,家庭桌游日,玩家047,4
2026-02-27,家庭桌游日,玩家040,1
2026-02-27,家庭桌游日,玩家025,2
2026-02-27,家庭桌游日,玩家010,5
2026-02-27,家庭桌游日,玩家016,2
2026-02-27,家庭桌游日,玩家003,5
2026-02-27,家庭桌游日,玩家037,3
2026-02-27,家庭桌游日,玩家008,4
2026-02-27,家庭桌游日,玩家013,5
2026-02-27,家庭桌游日,玩家002,4
2026-02-27,家庭桌游日,玩家029,3
2026-02-27,家庭桌游日,玩家021,2
2026-02-27,家庭桌游日,玩家027,4
2026-02-27,家庭桌游日,玩家044,5
2026-02-27,家庭桌游日,玩家035,3
2026-02-27,家庭桌游日,玩家014,5
2026-02-27,狼人杀之夜,玩家044,3
2026-02-27,狼人杀之夜,玩家047,2
2026-02-27,狼人杀之夜,玩家050,4
2026-02-27,狼人杀之夜,玩家042,3
2026-02-27,狼人杀之夜,玩家045,4
2026-02-27,狼人杀之夜,玩家017,3
2026-02-27,狼人杀之夜,玩家040,5
2026-02-27,狼人杀之夜,玩家031,3
2026-02-27,狼人杀之夜,玩家013,3
2026-02-27,狼人杀之夜,玩家016,1
2026-02-27,狼人杀之夜,玩家018,5
2026-02-27,狼人杀之夜,玩家036,5
2026-02-27,狼人杀之夜,玩家020,4
2026-02-27,狼人杀之夜,玩家015,4
2026-02-27,狼人杀之夜,玩家038,3
2026-02-28,策略桌游会,玩家019,3
2026-02-28,策略桌游会,玩家003,4
2026-02-28,策略桌游会,玩家050,2
2026-02-28,策略桌游会,玩家046,2
2026-02-28,策略桌游会,玩家006,5
2026-02-28,策略桌游会,玩家023,3
2026-02-28,策略桌游会,玩家029,5
2026-02-28,策略桌游会,玩家042,3
2026-03-01,新手教学日,玩家007,5
2026-03-01,新手教学日,玩家040,2
2026-03-01,新手教学日,玩家048,2
2026-03-01,新手教学日,玩家038,1
2026-03-01,新手教学日,玩家016,1
2026-03-01,新手教学日,玩家046,4
2026-03-01,新手教学日,玩家004,3
2026-03-01,新手教学日,玩家043,4
2026-03-01,狼人杀之夜,玩家044,4
2026-03-01,狼人杀之夜,玩家009,4
2026-03-01,狼人杀之夜,玩家001,2
2026-03-01,狼人杀之夜,玩家036,3
2026-03-01,狼人杀之夜,玩家011,3
2026-03-01,狼人杀之夜,玩家027,3
2026-03-01,狼人杀之夜,玩家042,1
2026-03-02,节日特别场,玩家042,4
2026-03-02,节日特别场,玩家037,2
2026-03-02,节日特别场,玩家015,1
2026-03-02,节日特别场,玩家035,4
2026-03-02,节日特别场,玩家003,4
2026-03-02,节日特别场,玩家012,2
2026-03-03,三国杀争霸,玩家003,5
2026-03-03,三国杀争霸,玩家001,4
2026-03-03,三国杀争霸,玩家020,3
2026-03-03,三国杀争霸,玩家037,2
2026-03-03,三国杀争霸,玩家039,1
2026-03-03,三国杀争霸,玩家007,3
2026-03-03,三国杀争霸,玩家022,2
2026-03-03,三国杀争霸,玩家019,4
2026-03-03,三国杀争霸,玩家030,3
2026-03-03,三国杀争霸,玩家035,2
2026-03-03,三国杀争霸,玩家034,1
2026-03-03,三国杀争霸,玩家032,3
2026-03-03,三国杀争霸,玩家009,3
2026-03-04,三国杀争霸,玩家012,2
2026-03-04,三国杀争霸,玩家040,2
2026-03-04,三国杀争霸,玩家041,4
2026-03-04,三国杀争霸,玩家026,3
2026-03-04,三国杀争霸,玩家028,2
2026-03-04,三国杀争霸,玩家033,1
2026-03-04,三国杀争霸,玩家021,3
2026-03-04,三国杀争霸,玩家006,4
2026-03-04,三国杀争霸,玩家047,2
2026-03-04,三国杀争霸,玩家007,4
2026-03-04,深夜桌游局,玩家022,4
2026-03-04,深夜桌游局,玩家020,3
2026-03-04,深夜桌游局,玩家038,2
2026-03-04,深夜桌游局,玩家047,4
2026-03-04,深夜桌游局,玩家037,5
2026-03-04,深夜桌游局,玩家001,3
2026-03-04,深夜桌游局,玩家017,1
2026-03-04,深夜桌游局,玩家042,3
2026-03-04,深夜桌游局,玩家024,3
2026-03-04,深夜桌游局,玩家016,5
2026-03-04,深夜桌游局,玩家004,2
2026-03-04,深夜桌游局,玩家008,2
2026-03-05,桌游嘉年华,玩家031,5
2026-03-05,桌游嘉年华,玩家010,2
2026-03-05,桌游嘉年华,玩家030,2
2026-03-05,桌游嘉年华,玩家039,5
2026-03-05,桌游嘉年华,玩家024,1
2026-03-05,桌游嘉年华,玩家027,5
2026-03-05,桌游嘉年华,玩家036,4
2026-03-05,桌游嘉年华,玩家050,5
2026-03-06,深夜桌游局,玩家005,2
2026-03-06,深夜桌游局,玩家037,5
2026-03-06,深夜桌游局,玩家008,4
2026-03-06,深夜桌游局,玩家004,1
2026-03-06,深夜桌游局,玩家036,5
2026-03-06,深夜桌游局,玩家033,4
2026-03-06,深夜桌游局,玩家013,1
2026-03-06,深夜桌游局,玩家049,4
2026-03-06,深夜桌游局,玩家035,2
2026-03-06,深夜桌游局,玩家010,5
2026-03-06,深夜桌游局,玩家011,4
2026-03-06,深夜桌游局,玩家021,4
2026-03-06,深夜桌游局,玩家034,5
2026-03-06,深夜桌游局,玩家029,1
2026-03-06,深夜桌游局,玩家048,5
2026-03-06,桌游嘉年华,玩家044,1
2026-03-06,桌游嘉年华,玩家020,3
2026-03-06,桌游嘉年华,玩家047,4
2026-03-06,桌游嘉年华,玩家002,2
2026-03-06,桌游嘉年华,玩家026,2
2026-03-06,桌游嘉年华,玩家017,4
2026-03-06,桌游嘉年华,玩家001,3
2026-03-06,桌游嘉年华,玩家014,4
2026-03-06,桌游嘉年华,玩家038,4
2026-03-06,桌游嘉年华,玩家005,4
2026-03-06,桌游嘉年华,玩家003,4
2026-03-06,桌游嘉年华,玩家028,1
2026-03-06,桌游嘉年华,玩家023,5
2026-03-06,桌游嘉年华,玩家041,2
2026-03-06,桌游嘉年华,玩家035,3
2026-03-06,桌游嘉年华,玩家004,1
2026-03-06,桌游嘉年华,玩家037,2
2026-03-06,桌游嘉年华,玩家031,5
2026-03-07,深夜桌游局,玩家034,2
2026-03-07,深夜桌游局,玩家009,3
2026-03-07,深夜桌游局,玩家047,2
2026-03-07,深夜桌游局,玩家015,1
2026-03-07,深夜桌游局,玩家001,1
2026-03-07,深夜桌游局,玩家002,4
2026-03-07,深夜桌游局,玩家020,5
2026-03-07,深夜桌游局,玩家030,1
2026-03-07,深夜桌游局,玩家035,2
2026-03-07,深夜桌游局,玩家028,2
2026-03-07,深夜桌游局,玩家042,1
2026-03-07,深夜桌游局,玩家025,1
2026-03-07,深夜桌游局,玩家048,5
2026-03-07,深夜桌游局,玩家016,1
2026-03-07,深夜桌游局,玩家043,4
2026-03-07,深夜桌游局,玩家023,5
2026-03-07,卡牌对战赛,玩家016,2
2026-03-07,卡牌对战赛,玩家048,5
2026-03-07,卡牌对战赛,玩家003,2
2026-03-07,卡牌对战赛,玩家026,1
2026-03-07,卡牌对战赛,玩家029,2
2026-03-08,深夜桌游局,玩家019,4
2026-03-08,深夜桌游局,玩家015,1
2026-03-08,深夜桌游局,玩家047,3
2026-03-08,深夜桌游局,玩家037,4
2026-03-08,深夜桌游局,玩家021,5
2026-03-08,深夜桌游局,玩家048,3
2026-03-08,深夜桌游局,玩家039,4
2026-03-08,深夜桌游局,玩家046,4
2026-03-08,深夜桌游局,玩家016,2
2026-03-08,深夜桌游局,玩家020,3
2026-03-08,深夜桌游局,玩家010,4
2026-03-08,深夜桌游局,玩家034,2
2026-03-08,深夜桌游局,玩家049,5
2026-03-08,深夜桌游局,玩家027,4
2026-03-08,深夜桌游局,玩家041,2
2026-03-08,深夜桌游局,玩家018,2
2026-03-08,深夜桌游局,玩家004,3
2026-03-08,深夜桌游局,玩家012,2
2026-03-08,深夜桌游局,玩家028,4
2026-03-08,深夜桌游局,玩家035,1
2026-03-09,周末欢乐局,玩家027,4
2026-03-09,周末欢乐局,玩家036,5
2026-03-09,周末欢乐局,玩家034,5
2026-03-09,周末欢乐局,玩家009,1
2026-03-09,周末欢乐局,玩家025,1
2026-03-09,周末欢乐局,玩家016,2
2026-03-09,周末欢乐局,玩家017,5
2026-03-09,周末欢乐局,玩家014,5
2026-03-09,周末欢乐局,玩家022,2
2026-03-09,周末欢乐局,玩家006,4
2026-03-09,周末欢乐局,玩家029,2
2026-03-09,周末欢乐局,玩家024,3
2026-03-09,周末欢乐局,玩家041,3
2026-03-09,周末欢乐局,玩家035,1
2026-03-09,周末欢乐局,玩家013,2
2026-03-09,周末欢乐局,玩家004,2
2026-03-09,周末欢乐局,玩家018,1
2026-03-10,策略桌游会,玩家016,4
2026-03-10,策略桌游会,玩家045,1
2026-03-10,策略桌游会,玩家039,4
2026-03-10,策略桌游会,玩家046,3
2026-03-10,策略桌游会,玩家014,2
2026-03-10,策略桌游会,玩家026,3
2026-03-10,策略桌游会,玩家050,3
2026-03-10,策略桌游会,玩家036,4
2026-03-10,策略桌游会,玩家021,1
2026-03-10,策略桌游会,玩家019,5
2026-03-10,策略桌游会,玩家025,2
2026-03-10,策略桌游会,玩家030,2
2026-03-10,策略桌游会,玩家035,1
2026-03-10,策略桌游会,玩家023,3
2026-03-10,策略桌游会,玩家020,5
2026-03-10,策略桌游会,玩家017,5
2026-03-10,策略桌游会,玩家024,5
2026-03-10,策略桌游会,玩家033,4
2026-03-10,策略桌游会,玩家032,3
2026-03-10,家庭桌游日,玩家013,3
2026-03-10,家庭桌游日,玩家022,3
2026-03-10,家庭桌游日,玩家015,4
2026-03-10,家庭桌游日,玩家025,4
2026-03-10,家庭桌游日,玩家037,4
2026-03-10,家庭桌游日,玩家016,2
2026-03-10,家庭桌游日,玩家032,3
2026-03-10,家庭桌游日,玩家036,2
2026-03-11,三国杀争霸,玩家047,1
2026-03-11,三国杀争霸,玩家035,1
2026-03-11,三国杀争霸,玩家032,1
2026-03-11,三国杀争霸,玩家012,1
2026-03-11,三国杀争霸,玩家049,4
2026-03-11,三国杀争霸,玩家042,2
2026-03-11,三国杀争霸,玩家004,2
2026-03-11,三国杀争霸,玩家034,1
2026-03-11,新手教学日,玩家001,5
2026-03-11,新手教学日,玩家014,4
2026-03-11,新手教学日,玩家033,4
2026-03-11,新手教学日,玩家030,1
2026-03-11,新手教学日,玩家024,1
2026-03-11,新手教学日,玩家004,5
2026-03-11,新手教学日,玩家040,5
2026-03-11,新手教学日,玩家041,4
2026-03-12,三国杀争霸,玩家002,5
2026-03-12,三国杀争霸,玩家034,3
2026-03-12,三国杀争霸,玩家047,1
2026-03-12,三国杀争霸,玩家018,5
2026-03-13,狼人杀之夜,玩家012,5
2026-03-13,狼人杀之夜,玩家007,2
2026-03-13,狼人杀之夜,玩家049,2
2026-03-13,狼人杀之夜,玩家034,3
2026-03-13,狼人杀之夜,玩家010,1
2026-03-13,狼人杀之夜,玩家016,1
2026-03-13,狼人杀之夜,玩家013,1
2026-03-13,狼人杀之夜,玩家040,4
2026-03-13,狼人杀之夜,玩家047,4
2026-03-13,狼人杀之夜,玩家017,4
2026-03-13,狼人杀之夜,玩家023,5
2026-03-13,狼人杀之夜,玩家018,4
2026-03-13,狼人杀之夜,玩家026,1
2026-03-13,狼人杀之夜,玩家006,1
2026-03-13,狼人杀之夜,玩家024,2
2026-03-13,狼人杀之夜,玩家038,1
2026-03-13,狼人杀之夜,玩家030,4
2026-03-13,深夜桌游局,玩家042,3
2026-03-13,深夜桌游局,玩家022,1
2026-03-13,深夜桌游局,玩家037,2
2026-03-13,深夜桌游局,玩家007,5
2026-03-13,深夜桌游局,玩家034,2
2026-03-13,深夜桌游局,玩家003,4
2026-03-13,深夜桌游局,玩家015,1
2026-03-13,深夜桌游局,玩家014,3
2026-03-13,深夜桌游局,玩家048,2
2026-03-13,深夜桌游局,玩家031,5
2026-03-13,深夜桌游局,玩家018,2
2026-03-13,深夜桌游局,玩家045,5
2026-03-13,深夜桌游局,玩家005,4
2026-03-13,深夜桌游局,玩家040,5
2026-03-13,深夜桌游局,玩家035,3
2026-03-13,深夜桌游局,玩家039,4
2026-03-13,深夜桌游局,玩家012,2
2026-03-14,节日特别场,玩家033,2
2026-03-14,节日特别场,玩家048,1
2026-03-14,节日特别场,玩家023,3
2026-03-14,节日特别场,玩家004,5
2026-03-14,节日特别场,玩家007,5
2026-03-14,节日特别场,玩家028,5
2026-03-15,狼人杀之夜,玩家050,2
2026-03-15,狼人杀之夜,玩家021,1
2026-03-15,狼人杀之夜,玩家002,1
2026-03-15,狼人杀之夜,玩家041,3
2026-03-15,狼人杀之夜,玩家018,2
2026-03-15,狼人杀之夜,玩家029,4
2026-03-15,狼人杀之夜,玩家032,2
2026-03-15,狼人杀之夜,玩家015,4
2026-03-15,狼人杀之夜,玩家023,3
2026-03-15,狼人杀之夜,玩家036,3
2026-03-15,狼人杀之夜,玩家025,1
2026-03-15,狼人杀之夜,玩家028,1
2026-03-15,狼人杀之夜,玩家012,1
2026-03-15,狼人杀之夜,玩家040,3
2026-03-15,狼人杀之夜,玩家006,4
2026-03-15,狼人杀之夜,玩家019,3
2026-03-16,狼人杀之夜,玩家007,1
2026-03-16,狼人杀之夜,玩家009,3
2026-03-16,狼人杀之夜,玩家006,5
2026-03-16,狼人杀之夜,玩家012,1
2026-03-16,狼人杀之夜,玩家028,5
2026-03-16,狼人杀之夜,玩家029,5
2026-03-16,狼人杀之夜,玩家036,3
2026-03-16,狼人杀之夜,玩家044,4
2026-03-16,狼人杀之夜,玩家033,1
2026-03-16,狼人杀之夜,玩家027,3
2026-03-16,狼人杀之夜,玩家050,4
2026-03-16,狼人杀之夜,玩家002,4
2026-03-17,三国杀争霸,玩家047,4
2026-03-17,三国杀争霸,玩家036,2
2026-03-17,三国杀争霸,玩家016,2
2026-03-17,三国杀争霸,玩家037,3
2026-03-17,三国杀争霸,玩家034,3
2026-03-17,三国杀争霸,玩家011,3
2026-03-18,策略桌游会,玩家010,4
2026-03-18,策略桌游会,玩家005,3
2026-03-18,策略桌游会,玩家011,5
2026-03-18,策略桌游会,玩家028,4
2026-03-18,策略桌游会,玩家018,3
2026-03-18,策略桌游会,玩家027,4
2026-03-18,策略桌游会,玩家020,3
2026-03-18,策略桌游会,玩家031,4
2026-03-18,策略桌游会,玩家049,5
2026-03-18,策略桌游会,玩家024,2
2026-03-18,策略桌游会,玩家017,3
2026-03-18,策略桌游会,玩家016,3
2026-03-18,策略桌游会,玩家032,5
2026-03-18,策略桌游会,玩家013,2
2026-03-18,策略桌游会,玩家030,4
2026-03-18,策略桌游会,玩家007,3
2026-03-18,策略桌游会,玩家009,2
2026-03-18,策略桌游会,玩家044,4
2026-03-18,策略桌游会,玩家001,3
2026-03-19,深夜桌游局,玩家048,2
2026-03-19,深夜桌游局,玩家045,5
2026-03-19,深夜桌游局,玩家041,5
2026-03-19,深夜桌游局,玩家032,2
2026-03-19,深夜桌游局,玩家037,5
2026-03-19,深夜桌游局,玩家016,1
2026-03-19,深夜桌游局,玩家021,4
2026-03-19,深夜桌游局,玩家025,2
2026-03-19,深夜桌游局,玩家018,4
2026-03-19,深夜桌游局,玩家026,3
2026-03-19,深夜桌游局,玩家024,1
2026-03-19,深夜桌游局,玩家008,4
2026-03-19,深夜桌游局,玩家046,4
2026-03-20,周末欢乐局,玩家041,1
2026-03-20,周末欢乐局,玩家020,4
2026-03-20,周末欢乐局,玩家016,5
2026-03-20,周末欢乐局,玩家017,4
2026-03-20,周末欢乐局,玩家043,5
2026-03-20,周末欢乐局,玩家010,4
2026-03-20,周末欢乐局,玩家028,5
2026-03-20,周末欢乐局,玩家025,5
2026-03-21,新手教学日,玩家035,1
2026-03-21,新手教学日,玩家003,1
2026-03-21,新手教学日,玩家024,1
2026-03-21,新手教学日,玩家045,3
2026-03-21,新手教学日,玩家050,2
2026-03-21,新手教学日,玩家039,5
2026-03-21,新手教学日,玩家041,5
2026-03-21,新手教学日,玩家006,5
2026-03-21,新手教学日,玩家007,5
2026-03-21,新手教学日,玩家016,5
2026-03-21,新手教学日,玩家023,2
2026-03-21,新手教学日,玩家011,4
2026-03-21,新手教学日,玩家049,3
2026-03-21,新手教学日,玩家037,4
2026-03-21,新手教学日,玩家026,4
2026-03-21,新手教学日,玩家022,5
2026-03-21,新手教学日,玩家028,5
2026-03-21,深夜桌游局,玩家023,2
2026-03-21,深夜桌游局,玩家002,3
2026-03-21,深夜桌游局,玩家031,3
2026-03-21,深夜桌游局,玩家007,3
2026-03-21,深夜桌游局,玩家019,4
2026-03-21,深夜桌游局,玩家027,2
2026-03-21,深夜桌游局,玩家006,5
2026-03-21,深夜桌游局,玩家008,4
2026-03-22,节日特别场,玩家031,2
2026-03-22,节日特别场,玩家007,5
2026-03-22,节日特别场,玩家029,2
2026-03-22,节日特别场,玩家047,5
2026-03-22,节日特别场,玩家045,2
2026-03-22,节日特别场,玩家048,3
2026-03-22,节日特别场,玩家021,5
2026-03-22,节日特别场,玩家005,4
2026-03-22,节日特别场,玩家020,4
2026-03-22,节日特别场,玩家003,2
2026-03-22,节日特别场,玩家008,4
2026-03-22,节日特别场,玩家002,2
2026-03-22,节日特别场,玩家022,2
2026-03-22,节日特别场,玩家049,4
2026-03-22,节日特别场,玩家011,4
2026-03-23,新手教学日,玩家048,5
2026-03-23,新手教学日,玩家040,4
2026-03-23,新手教学日,玩家013,4
2026-03-23,新手教学日,玩家029,1
2026-03-23,家庭桌游日,玩家014,2
2026-03-23,家庭桌游日,玩家018,4
2026-03-23,家庭桌游日,玩家046,1
2026-03-23,家庭桌游日,玩家005,3
2026-03-23,家庭桌游日,玩家037,4
2026-03-23,家庭桌游日,玩家007,5
2026-03-23,家庭桌游日,玩家035,3
2026-03-23,家庭桌游日,玩家012,5
2026-03-23,家庭桌游日,玩家024,4
2026-03-23,家庭桌游日,玩家021,5
2026-03-24,新手教学日,玩家038,1
2026-03-24,新手教学日,玩家008,2
2026-03-24,新手教学日,玩家023,3
2026-03-24,新手教学日,玩家048,2
2026-03-24,新手教学日,玩家030,5
2026-03-24,新手教学日,玩家040,4
2026-03-24,新手教学日,玩家012,4
2026-03-24,新手教学日,玩家020,5
2026-03-24,新手教学日,玩家045,2
2026-03-24,新手教学日,玩家050,5
2026-03-24,新手教学日,玩家006,4
2026-03-24,新手教学日,玩家009,4
2026-03-24,新手教学日,玩家021,2
2026-03-24,新手教学日,玩家049,4
2026-03-24,新手教学日,玩家016,5
2026-03-24,新手教学日,玩家043,2
2026-03-24,三国杀争霸,玩家032,1
2026-03-24,三国杀争霸,玩家019,4
2026-03-24,三国杀争霸,玩家009,2
2026-03-24,三国杀争霸,玩家012,2
2026-03-24,三国杀争霸,玩家021,4
2026-03-24,三国杀争霸,玩家029,5
2026-03-24,三国杀争霸,玩家040,5
2026-03-24,三国杀争霸,玩家004,4
2026-03-24,三国杀争霸,玩家023,4
2026-03-25,卡牌对战赛,玩家027,5
2026-03-25,卡牌对战赛,玩家046,1
2026-03-25,卡牌对战赛,玩家029,3
2026-03-25,卡牌对战赛,玩家032,5
2026-03-25,卡牌对战赛,玩家011,3
2026-03-25,卡牌对战赛,玩家006,5
2026-03-25,卡牌对战赛,玩家037,1
2026-03-25,卡牌对战赛,玩家002,4
2026-03-25,卡牌对战赛,玩家015,5
2026-03-25,卡牌对战赛,玩家019,2
2026-03-25,卡牌对战赛,玩家003,4
2026-03-25,卡牌对战赛,玩家018,1
2026-03-25,卡牌对战赛,玩家042,2
2026-03-25,卡牌对战赛,玩家035,3
2026-03-25,卡牌对战赛,玩家041,1
2026-03-25,卡牌对战赛,玩家049,4
2026-03-25,卡牌对战赛,玩家030,3
2026-03-25,卡牌对战赛,玩家047,3
2026-03-25,卡牌对战赛,玩家008,1
2026-03-26,卡牌对战赛,玩家008,3
2026-03-26,卡牌对战赛,玩家016,3
2026-03-26,卡牌对战赛,玩家014,3
2026-03-26,卡牌对战赛,玩家038,5
2026-03-26,卡牌对战赛,玩家045,3
2026-03-26,卡牌对战赛,玩家023,5
2026-03-26,卡牌对战赛,玩家040,1
2026-03-26,卡牌对战赛,玩家041,2
2026-03-26,卡牌对战赛,玩家028,4
2026-03-26,卡牌对战赛,玩家011,1
2026-03-26,卡牌对战赛,玩家044,3
2026-03-26,卡牌对战赛,玩家009,2
2026-03-26,卡牌对战赛,玩家048,2
2026-03-26,卡牌对战赛,玩家047,2
2026-03-26,卡牌对战赛,玩家004,2
2026-03-26,卡牌对战赛,玩家046,3
2026-03-26,卡牌对战赛,玩家018,2
2026-03-26,卡牌对战赛,玩家043,4
2026-03-26,节日特别场,玩家010,1
2026-03-26,节日特别场,玩家037,4
2026-03-26,节日特别场,玩家041,3
2026-03-26,节日特别场,玩家018,1
2026-03-26,节日特别场,玩家048,5
2026-03-26,节日特别场,玩家027,4
2026-03-26,节日特别场,玩家025,2
2026-03-26,节日特别场,玩家029,4
2026-03-26,节日特别场,玩家005,2
2026-03-26,节日特别场,玩家046,4
2026-03-26,节日特别场,玩家006,3
2026-03-26,节日特别场,玩家026,3
2026-03-26,节日特别场,玩家033,3
2026-03-26,节日特别场,玩家047,3
2026-03-26,节日特别场,玩家024,5
2026-03-26,节日特别场,玩家030,5
2026-03-26,节日特别场,玩家032,2
2026-03-26,节日特别场,玩家021,5
2026-03-26,节日特别场,玩家001,4
2026-03-27,狼人杀之夜,玩家044,2
2026-03-27,狼人杀之夜,玩家049,2
2026-03-27,狼人杀之夜,玩家004,3
2026-03-27,狼人杀之夜,玩家003,2
2026-03-27,狼人杀之夜,玩家007,3
2026-03-27,狼人杀之夜,玩家041,1
2026-03-27,狼人杀之夜,玩家030,3
2026-03-27,狼人杀之夜,玩家002,3
2026-03-27,狼人杀之夜,玩家008,1
2026-03-27,狼人杀之夜,玩家011,3
2026-03-27,狼人杀之夜,玩家029,2
2026-03-27,狼人杀之夜,玩家050,1
2026-03-27,狼人杀之夜,玩家001,4
2026-03-27,狼人杀之夜,玩家028,3
2026-03-27,三国杀争霸,玩家028,2
2026-03-27,三国杀争霸,玩家042,5
2026-03-27,三国杀争霸,玩家006,4
2026-03-27,三国杀争霸,玩家046,1
2026-03-27,三国杀争霸,玩家007,1
2026-03-27,三国杀争霸,玩家001,3
2026-03-27,三国杀争霸,玩家014,1
2026-03-27,三国杀争霸,玩家031,4
2026-03-27,三国杀争霸,玩家005,2
2026-03-27,三国杀争霸,玩家009,4
2026-03-27,三国杀争霸,玩家038,1
2026-03-28,卡牌对战赛,玩家025,2
2026-03-28,卡牌对战赛,玩家006,1
2026-03-28,卡牌对战赛,玩家047,5
2026-03-28,卡牌对战赛,玩家007,5
2026-03-28,卡牌对战赛,玩家048,1
2026-03-28,卡牌对战赛,玩家021,5
2026-03-28,卡牌对战赛,玩家024,2
2026-03-28,卡牌对战赛,玩家020,4
2026-03-28,卡牌对战赛,玩家009,3
2026-03-28,卡牌对战赛,玩家050,2
2026-03-28,卡牌对战赛,玩家042,2
2026-03-29,三国杀争霸,玩家040,2
2026-03-29,三国杀争霸,玩家044,5
2026-03-29,三国杀争霸,玩家029,5
2026-03-29,三国杀争霸,玩家014,5
2026-03-29,三国杀争霸,玩家006,5
2026-03-29,三国杀争霸,玩家007,3
2026-03-29,三国杀争霸,玩家009,1
2026-03-29,三国杀争霸,玩家008,3
2026-03-29,三国杀争霸,玩家038,2
2026-03-29,三国杀争霸,玩家025,5
2026-03-29,三国杀争霸,玩家023,5
2026-03-29,三国杀争霸,玩家028,5
2026-03-29,三国杀争霸,玩家021,2
2026-03-29,三国杀争霸,玩家049,4
2026-03-29,三国杀争霸,玩家016,3
2026-03-29,三国杀争霸,玩家018,1
2026-03-29,三国杀争霸,玩家046,2
2026-03-29,新手教学日,玩家025,1
2026-03-29,新手教学日,玩家008,5
2026-03-29,新手教学日,玩家016,1
2026-03-29,新手教学日,玩家032,1
2026-03-29,新手教学日,玩家041,3
2026-03-29,新手教学日,玩家039,2
2026-03-29,新手教学日,玩家005,1
2026-03-29,新手教学日,玩家034,1
2026-03-29,新手教学日,玩家001,4
2026-03-29,新手教学日,玩家024,5
2026-03-29,新手教学日,玩家021,3
2026-03-29,新手教学日,玩家009,5
2026-03-29,新手教学日,玩家050,4
2026-03-29,新手教学日,玩家037,4
2026-03-29,新手教学日,玩家027,4
2026-03-29,新手教学日,玩家046,1
2026-03-29,新手教学日,玩家012,5
2026-03-29,新手教学日,玩家031,5
2026-03-29,新手教学日,玩家044,5
2026-03-30,新手教学日,玩家018,3
2026-03-30,新手教学日,玩家006,4
2026-03-30,新手教学日,玩家020,5
2026-03-30,新手教学日,玩家049,1
2026-03-30,新手教学日,玩家033,3
2026-03-30,新手教学日,玩家014,4
2026-03-30,新手教学日,玩家010,2
2026-03-30,新手教学日,玩家035,1
2026-03-31,桌游嘉年华,玩家006,2
2026-03-31,桌游嘉年华,玩家028,1
2026-03-31,桌游嘉年华,玩家008,2
2026-03-31,桌游嘉年华,玩家030,4
2026-03-31,桌游嘉年华,玩家040,3
2026-03-31,桌游嘉年华,玩家039,5
2026-03-31,桌游嘉年华,玩家004,5
2026-03-31,桌游嘉年华,玩家020,3
2026-03-31,桌游嘉年华,玩家012,2
2026-03-31,桌游嘉年华,玩家048,3
2026-03-31,桌游嘉年华,玩家001,2
2026-03-31,卡牌对战赛,玩家047,4
2026-03-31,卡牌对战赛,玩家008,5
2026-03-31,卡牌对战赛,玩家002,3
2026-03-31,卡牌对战赛,玩家022,1
2026-03-31,卡牌对战赛,玩家028,4
2026-03-31,卡牌对战赛,玩家018,5
2026-03-31,卡牌对战赛,玩家034,2
2026-03-31,卡牌对战赛,玩家005,3
2026-03-31,卡牌对战赛,玩家017,2
2026-03-31,卡牌对战赛,玩家037,3
2026-03-31,卡牌对战赛,玩家043,1
2026-03-31,卡牌对战赛,玩家032,5
